"","Plot","Year","Tag","Species","DBH","RingWidth","Core","BAI","Genus","Precip","Temp","FireCount","LastBurn","SinceBurn","BurnIn3"
"1","A128",2012,"24","QUAL",89.8,0.358,"024-A-1",1002.29913630687,"QU",66.03,23.4666666666667,6,2012,0,1
"2","A128",2001,"24","QUAL",89.8,0.67,"024-A-1",1824.77662558253,"QU",83.6233333333333,22.8333333333333,6,1991,10,0
"3","A128",2005,"24","QUAL",89.8,0.749,"024-A-1",2058.9706994571,"QU",55.1233333333333,23.9,6,1995,10,0
"4","A128",2000,"24","QUAL",89.8,0.944,"024-A-1",2566.24197819703,"QU",112.43,21.9,6,1990,10,0
"5","A128",2004,"24","QUAL",89.8,1.416,"024-A-1",3882.89572409438,"QU",104.996666666667,20.8,6,1994,10,0
"6","A128",2006,"24","QUAL",89.8,1.12,"024-A-1",3085.41092384717,"QU",93.5633333333333,22.7,6,2006,0,1
"7","A128",2016,"24","QUAL",89.8,0.646,"024-B-1",1818.95610890863,"QU",142.603333333333,23.3,6,2015,1,2
"8","A128",2002,"24","QUAL",89.8,1.297,"024-A-1",3540.45554949971,"QU",104.563333333333,23.8333333333333,6,1992,10,0
"9","A128",2007,"24","QUAL",89.8,0.368,"024-B-1",1018.04390647447,"QU",121.196666666667,22.5666666666667,6,2007,0,3
"10","A128",2006,"24","QUAL",89.8,0.942,"024-B-1",2602.09429851561,"QU",93.5633333333333,22.7,6,2006,0,1
"11","A128",2013,"24","QUAL",89.8,0.785,"024-B-1",2196.31147301639,"QU",75.7033333333333,21.7,6,2013,0,2
"12","A128",2014,"24","QUAL",89.8,1.027,"024-B-1",2879.23719865497,"QU",166.476666666667,21.7,6,2013,1,2
"13","A128",2015,"24","QUAL",89.8,0.775,"024-A-1",2179.48893550691,"QU",138.086666666667,21.2,6,2015,0,3
"14","A128",2013,"24","QUAL",89.8,0.669,"024-A-1",1875.16998656899,"QU",75.7033333333333,21.7,6,2013,0,2
"15","A128",2011,"24","QUAL",89.8,1.239,"024-A-1",3462.63470548839,"QU",129.293333333333,23.1333333333333,6,2007,4,0
"16","A128",2003,"24","QUAL",89.8,0.612,"024-B-1",1681.03853265494,"QU",93.34,21.6666666666667,6,1993,10,0
"17","A128",2016,"24","QUAL",89.8,0.936,"024-A-1",2637.29143340293,"QU",142.603333333333,23.3,6,2015,1,2
"18","A128",2012,"24","QUAL",89.8,0.286,"024-B-1",799.222528241345,"QU",66.03,23.4666666666667,6,2012,0,1
"19","A128",2002,"24","QUAL",89.8,1.17,"024-B-1",3207.20010377112,"QU",104.563333333333,23.8333333333333,6,1992,10,0
"20","A128",2005,"24","QUAL",89.8,0.691,"024-B-1",1905.20996463747,"QU",55.1233333333333,23.9,6,1995,10,0
"21","A128",2015,"24","QUAL",89.8,1.102,"024-B-1",3096.87348959933,"QU",138.086666666667,21.2,6,2015,0,3
"22","A128",2009,"24","QUAL",89.8,1.377,"024-A-1",3828.35207416836,"QU",95.1233333333333,20.4,6,2007,2,3
"23","A128",2007,"24","QUAL",89.8,1.271,"024-A-1",3510.93760988224,"QU",121.196666666667,22.5666666666667,6,2007,0,3
"24","A128",2001,"24","QUAL",89.8,0.657,"024-B-1",1797.19523593327,"QU",83.6233333333333,22.8333333333333,6,1991,10,0
"25","A128",2000,"24","QUAL",89.8,1.191,"024-B-1",3251.01471841352,"QU",112.43,21.9,6,1990,10,0
"26","A128",2003,"24","QUAL",89.8,0.622,"024-A-1",1701.63987833943,"QU",93.34,21.6666666666667,6,1993,10,0
"27","A128",2008,"24","QUAL",89.8,1.52,"024-A-1",4212.08859100858,"QU",91.46,21.7666666666667,6,2007,1,3
"28","A128",2004,"24","QUAL",89.8,1.001,"024-B-1",2754.6142393258,"QU",104.996666666667,20.8,6,1994,10,0
"29","A128",2009,"24","QUAL",89.8,0.893,"024-B-1",2481.75311948647,"QU",95.1233333333333,20.4,6,2007,2,3
"30","A128",2008,"24","QUAL",89.8,1.39,"024-B-1",3853.00574450855,"QU",91.46,21.7666666666667,6,2007,1,3
"31","A128",2014,"24","QUAL",89.8,0.758,"024-A-1",2128.03021646921,"QU",166.476666666667,21.7,6,2013,1,2
"32","A128",2010,"24","QUAL",89.8,0.998,"024-A-1",2782.0980448237,"QU",196.913333333333,23.6333333333333,6,2007,3,2
"33","A128",2010,"24","QUAL",89.8,0.805,"024-B-1",2241.48487360534,"QU",196.913333333333,23.6333333333333,6,2007,3,2
"34","A128",2011,"24","QUAL",89.8,1.051,"024-B-1",2932.58854191229,"QU",129.293333333333,23.1333333333333,6,2007,4,0
"35","B127",2008,"1482","QUAL",59.2,0.895,"1482-N-1",1628.84097385724,"QU",91.46,21.7666666666667,6,2007,1,3
"36","B127",2001,"1485","QURU",13,0.483,"1485-E-1",186.04861353821,"QU",83.6233333333333,22.8333333333333,6,1991,10,0
"37","B127",2002,"1488","QURU",61,1.347,"1488-W-1",2358.93718540191,"QU",104.563333333333,23.8333333333333,6,1992,10,0
"38","B127",2010,"1485","QURU",13,0.111,"1485-E-1",44.4178004318626,"QU",196.913333333333,23.6333333333333,6,2007,3,2
"39","B127",2009,"1482","QUAL",59.2,0.542,"1482-E-1",994.15684443212,"QU",95.1233333333333,20.4,6,2007,2,3
"40","B127",2002,"1485","QURU",13,0.336,"1485-E-1",130.289638494152,"QU",104.563333333333,23.8333333333333,6,1992,10,0
"41","B127",2003,"1482","QUAL",59.2,0.73,"1482-E-1",1324.45820346461,"QU",93.34,21.6666666666667,6,1993,10,0
"42","B127",2014,"1491","QUMA",67.9,0.423,"1491-N-1",899.215850414177,"QU",166.476666666667,21.7,6,2013,1,2
"43","B127",2005,"1491","QUMA",67.9,0.26,"1491-E-1",539.932083356017,"QU",55.1233333333333,23.9,6,1995,10,0
"44","B127",2003,"1482","QUAL",59.2,0.748,"1482-N-1",1345.70490767809,"QU",93.34,21.6666666666667,6,1993,10,0
"45","B127",2008,"1491","QUMA",67.9,1.038,"1491-E-1",2169.33631650164,"QU",91.46,21.7666666666667,6,2007,1,3
"46","B127",2000,"1485","QURU",13,1.244,"1485-B-1",466.460108355759,"QU",112.43,21.9,6,1990,10,0
"47","B127",2004,"1491","QUMA",67.9,0.422,"1491-N-1",886.734594969527,"QU",104.996666666667,20.8,6,1994,10,0
"48","B127",2013,"1491","QUMA",67.9,0.471,"1491-N-1",999.931685490344,"QU",75.7033333333333,21.7,6,2013,0,2
"49","B127",2000,"1488","QURU",61,1.814,"1488-W-1",3144.40836255428,"QU",112.43,21.9,6,1990,10,0
"50","B127",2006,"1482","QUAL",59.2,0.702,"1482-E-1",1281.43330039233,"QU",93.5633333333333,22.7,6,2006,0,1
"51","B127",2001,"1482","QUAL",59.2,0.447,"1482-N-1",799.984380167719,"QU",83.6233333333333,22.8333333333333,6,1991,10,0
"52","B127",2009,"1485","QURU",13,0.024,"1485-B-1",9.63257546524809,"QU",95.1233333333333,20.4,6,2007,2,3
"53","B127",2015,"1482","QUAL",59.2,0.519,"1482-N-1",962.122416842519,"QU",138.086666666667,21.2,6,2015,0,3
"54","B127",2007,"1485","QURU",13,0.074,"1485-E-1",29.497720327097,"QU",121.196666666667,22.5666666666667,6,2007,0,3
"55","B127",2005,"1485","QURU",13,0.317,"1485-B-1",126.066078189071,"QU",55.1233333333333,23.9,6,1995,10,0
"56","B127",2001,"1485","QURU",13,0.719,"1485-W-1",274.085671814874,"QU",83.6233333333333,22.8333333333333,6,1991,10,0
"57","B127",2002,"1491","QUMA",67.9,0.654,"1491-E-1",1351.61965956531,"QU",104.563333333333,23.8333333333333,6,1992,10,0
"58","B127",2004,"1485","QURU",13,0.47,"1485-E-1",185.162140914368,"QU",104.996666666667,20.8,6,1994,10,0
"59","B127",2011,"1491","QUMA",67.9,0.247,"1491-N-1",523.5360516065,"QU",129.293333333333,23.1333333333333,6,2007,4,0
"60","B127",2011,"1491","QUMA",67.9,1.023,"1491-E-1",2161.61895959064,"QU",129.293333333333,23.1333333333333,6,2007,4,0
"61","B127",2000,"1488","QURU",61,1.573,"1488-N-1",2725.99895467581,"QU",112.43,21.9,6,1990,10,0
"62","B127",2001,"1482","QUAL",59.2,0.858,"1482-E-1",1548.5246465622,"QU",83.6233333333333,22.8333333333333,6,1991,10,0
"63","B127",2009,"1488","QURU",61,1.375,"1488-N-1",2497.08745942328,"QU",95.1233333333333,20.4,6,2007,2,3
"64","B127",2005,"1485","QURU",13,0.233,"1485-W-1",92.3033442418289,"QU",55.1233333333333,23.9,6,1995,10,0
"65","B127",2008,"1491","QUMA",67.9,0.711,"1491-N-1",1500.97646267932,"QU",91.46,21.7666666666667,6,2007,1,3
"66","B127",2009,"1485","QURU",13,0.052,"1485-E-1",20.7817108017207,"QU",95.1233333333333,20.4,6,2007,2,3
"67","B127",2000,"1491","QUMA",67.9,0.934,"1491-N-1",1949.64903993492,"QU",112.43,21.9,6,1990,10,0
"68","B127",2000,"1491","QUMA",67.9,0.688,"1491-E-1",1416.19417921473,"QU",112.43,21.9,6,1990,10,0
"69","B127",2011,"1488","QURU",61,2.216,"1488-N-1",4090.19263463363,"QU",129.293333333333,23.1333333333333,6,2007,4,0
"70","B127",2015,"1491","QUMA",67.9,0.548,"1491-E-1",1166.06233142786,"QU",138.086666666667,21.2,6,2015,0,3
"71","B127",2007,"1488","QURU",61,0.431,"1488-W-1",768.82297918542,"QU",121.196666666667,22.5666666666667,6,2007,0,3
"72","B127",2001,"1488","QURU",61,1.439,"1488-N-1",2507.39431491981,"QU",83.6233333333333,22.8333333333333,6,1991,10,0
"73","B127",2006,"1491","QUMA",67.9,0.461,"1491-N-1",970.565308868918,"QU",93.5633333333333,22.7,6,2006,0,1
"74","B127",2004,"1491","QUMA",67.9,0.626,"1491-E-1",1298.24788338926,"QU",104.996666666667,20.8,6,1994,10,0
"75","B127",2006,"1488","QURU",61,0.944,"1488-N-1",1692.14232852635,"QU",93.5633333333333,22.7,6,2006,0,1
"76","B127",2000,"1485","QURU",13,0.792,"1485-E-1",301.90112268305,"QU",112.43,21.9,6,1990,10,0
"77","B127",2002,"1491","QUMA",67.9,0.598,"1491-N-1",1253.07073802197,"QU",104.563333333333,23.8333333333333,6,1992,10,0
"78","B127",2002,"1482","QUAL",59.2,0.898,"1482-N-1",1610.92190427261,"QU",104.563333333333,23.8333333333333,6,1992,10,0
"79","B127",2002,"1482","QUAL",59.2,0.721,"1482-E-1",1304.84262358156,"QU",104.563333333333,23.8333333333333,6,1992,10,0
"80","B127",2007,"1491","QUMA",67.9,0.326,"1491-N-1",687.149377049798,"QU",121.196666666667,22.5666666666667,6,2007,0,3
"81","B127",2002,"1485","QURU",13,0.474,"1485-W-1",182.467207337895,"QU",104.563333333333,23.8333333333333,6,1992,10,0
"82","B127",2009,"1482","QUAL",59.2,0.431,"1482-N-1",786.187014171129,"QU",95.1233333333333,20.4,6,2007,2,3
"83","B127",2007,"1482","QUAL",59.2,0.284,"1482-E-1",519.294332895969,"QU",121.196666666667,22.5666666666667,6,2007,0,3
"84","B127",2008,"1485","QURU",13,0.101,"1485-E-1",40.3159297182185,"QU",91.46,21.7666666666667,6,2007,1,3
"85","B127",2016,"1482","QUAL",59.2,0.665,"1482-N-1",1235.25084223421,"QU",142.603333333333,23.3,6,2015,1,2
"86","B127",2005,"1485","QURU",13,0.194,"1485-E-1",76.8333157766866,"QU",55.1233333333333,23.9,6,1995,10,0
"87","B127",2007,"1482","QUAL",59.2,0.378,"1482-N-1",686.42335498754,"QU",121.196666666667,22.5666666666667,6,2007,0,3
"88","B127",2013,"1485","QURU",13,0.386,"1485-E-1",155.425961138494,"QU",75.7033333333333,21.7,6,2013,0,2
"89","B127",2012,"1485","QURU",13,0.06,"1485-E-1",24.075406805227,"QU",66.03,23.4666666666667,6,2012,0,1
"90","B127",2008,"1488","QURU",61,1.346,"1488-W-1",2408.52516769566,"QU",91.46,21.7666666666667,6,2007,1,3
"91","B127",2002,"1485","QURU",13,0.776,"1485-B-1",298.664176409239,"QU",104.563333333333,23.8333333333333,6,1992,10,0
"92","B127",2015,"1485","QURU",13,0.304,"1485-B-1",123.758443296527,"QU",138.086666666667,21.2,6,2015,0,3
"93","B127",2013,"1485","QURU",13,0.304,"1485-W-1",122.534076674824,"QU",75.7033333333333,21.7,6,2013,0,2
"94","B127",2014,"1485","QURU",13,0.327,"1485-B-1",132.473519768883,"QU",166.476666666667,21.7,6,2013,1,2
"95","B127",2012,"1485","QURU",13,0.043,"1485-W-1",17.2852469835725,"QU",66.03,23.4666666666667,6,2012,0,1
"96","B127",2015,"1488","QURU",61,3.238,"1488-W-1",6126.49635039613,"QU",138.086666666667,21.2,6,2015,0,3
"97","B127",2003,"1485","QURU",13,0.7,"1485-B-1",272.65945472359,"QU",93.34,21.6666666666667,6,1993,10,0
"98","B127",2007,"1485","QURU",13,0.002,"1485-B-1",0.802161701797538,"QU",121.196666666667,22.5666666666667,6,2007,0,3
"99","B127",2005,"1491","QUMA",67.9,0.208,"1491-N-1",437.475171348002,"QU",55.1233333333333,23.9,6,1995,10,0
"100","B127",2012,"1491","QUMA",67.9,0.185,"1491-N-1",392.373220000751,"QU",66.03,23.4666666666667,6,2012,0,1
"101","B127",2009,"1491","QUMA",67.9,0.378,"1491-N-1",799.280697970816,"QU",95.1233333333333,20.4,6,2007,2,3
"102","B127",2000,"1485","QURU",13,1.229,"1485-W-1",460.978447007066,"QU",112.43,21.9,6,1990,10,0
"103","B127",2004,"1488","QURU",61,2.096,"1488-N-1",3725.44362418988,"QU",104.996666666667,20.8,6,1994,10,0
"104","B127",2003,"1491","QUMA",67.9,0.418,"1491-N-1",877.226451706178,"QU",93.34,21.6666666666667,6,1993,10,0
"105","B127",2014,"1485","QURU",13,0.337,"1485-E-1",136.46117474001,"QU",166.476666666667,21.7,6,2013,1,2
"106","B127",2011,"1485","QURU",13,0.12,"1485-B-1",48.2284737808504,"QU",129.293333333333,23.1333333333333,6,2007,4,0
"107","B127",2006,"1482","QUAL",59.2,0.496,"1482-N-1",899.341768589415,"QU",93.5633333333333,22.7,6,2006,0,1
"108","B127",2001,"1488","QURU",61,1.259,"1488-W-1",2194.51953998273,"QU",83.6233333333333,22.8333333333333,6,1991,10,0
"109","B127",2007,"1485","QURU",13,0.11,"1485-W-1",43.7567307977288,"QU",121.196666666667,22.5666666666667,6,2007,0,3
"110","B127",2011,"1482","QUAL",59.2,1.256,"1482-N-1",2299.51739412,"QU",129.293333333333,23.1333333333333,6,2007,4,0
"111","B127",2015,"1491","QUMA",67.9,0.496,"1491-N-1",1055.83168662872,"QU",138.086666666667,21.2,6,2015,0,3
"112","B127",2001,"1485","QURU",13,0.567,"1485-B-1",215.832721451611,"QU",83.6233333333333,22.8333333333333,6,1991,10,0
"113","B127",2005,"1482","QUAL",59.2,0.254,"1482-N-1",459.951545191534,"QU",55.1233333333333,23.9,6,1995,10,0
"114","B127",2000,"1482","QUAL",59.2,0.694,"1482-E-1",1249.15248083254,"QU",112.43,21.9,6,1990,10,0
"115","B127",2004,"1482","QUAL",59.2,1.371,"1482-N-1",2475.65276858863,"QU",104.996666666667,20.8,6,1994,10,0
"116","B127",2006,"1488","QURU",61,0.958,"1488-W-1",1704.71151400781,"QU",93.5633333333333,22.7,6,2006,0,1
"117","B127",2001,"1491","QUMA",67.9,0.646,"1491-E-1",1332.44777623751,"QU",83.6233333333333,22.8333333333333,6,1991,10,0
"118","B127",2003,"1485","QURU",13,0.583,"1485-E-1",227.75122654576,"QU",93.34,21.6666666666667,6,1993,10,0
"119","B127",2008,"1485","QURU",13,0.031,"1485-B-1",12.4367202271387,"QU",91.46,21.7666666666667,6,2007,1,3
"120","B127",2008,"1482","QUAL",59.2,0.5,"1482-E-1",915.482090404616,"QU",91.46,21.7666666666667,6,2007,1,3
"121","B127",2004,"1482","QUAL",59.2,0.764,"1482-E-1",1389.73116199274,"QU",104.996666666667,20.8,6,1994,10,0
"122","B127",2011,"1482","QUAL",59.2,1.09,"1482-E-1",2007.51012688002,"QU",129.293333333333,23.1333333333333,6,2007,4,0
"123","B127",2003,"1491","QUMA",67.9,0.503,"1491-E-1",1041.37676958169,"QU",93.34,21.6666666666667,6,1993,10,0
"124","B127",2009,"1488","QURU",61,1.364,"1488-W-1",2452.34697972674,"QU",95.1233333333333,20.4,6,2007,2,3
"125","B127",2014,"1482","QUAL",59.2,0.601,"1482-N-1",1112.01938225573,"QU",166.476666666667,21.7,6,2013,1,2
"126","B127",2016,"1485","QURU",13,0.097,"1485-W-1",39.557888543648,"QU",142.603333333333,23.3,6,2015,1,2
"127","B127",2007,"1488","QURU",61,0.914,"1488-N-1",1643.7017092768,"QU",121.196666666667,22.5666666666667,6,2007,0,3
"128","B127",2011,"1485","QURU",13,0.089,"1485-E-1",35.6701927675727,"QU",129.293333333333,23.1333333333333,6,2007,4,0
"129","B127",2008,"1488","QURU",61,1.673,"1488-N-1",3022.25447828076,"QU",91.46,21.7666666666667,6,2007,1,3
"130","B127",2010,"1488","QURU",61,2.196,"1488-W-1",3972.76693840998,"QU",196.913333333333,23.6333333333333,6,2007,3,2
"131","B127",2010,"1488","QURU",61,2.93,"1488-N-1",5360.69331825514,"QU",196.913333333333,23.6333333333333,6,2007,3,2
"132","B127",2013,"1485","QURU",13,0.247,"1485-B-1",99.6186872489754,"QU",75.7033333333333,21.7,6,2013,0,2
"133","B127",2012,"1482","QUAL",59.2,0.211,"1482-E-1",389.472160247099,"QU",66.03,23.4666666666667,6,2012,0,1
"134","B127",2004,"1488","QURU",61,1.346,"1488-W-1",2378.84896720673,"QU",104.996666666667,20.8,6,1994,10,0
"135","B127",2002,"1488","QURU",61,1.382,"1488-N-1",2420.32219996827,"QU",104.563333333333,23.8333333333333,6,1992,10,0
"136","B127",2011,"1488","QURU",61,2.101,"1488-W-1",3829.26544825008,"QU",129.293333333333,23.1333333333333,6,2007,4,0
"137","B127",2013,"1488","QURU",61,1.691,"1488-N-1",3152.23316193402,"QU",75.7033333333333,21.7,6,2013,0,2
"138","B127",2006,"1491","QUMA",67.9,0.911,"1491-E-1",1895.19034495735,"QU",93.5633333333333,22.7,6,2006,0,1
"139","B127",2010,"1482","QUAL",59.2,0.38,"1482-E-1",698.111022136738,"QU",196.913333333333,23.6333333333333,6,2007,3,2
"140","B127",2009,"1485","QURU",13,0.183,"1485-W-1",73.2580922307125,"QU",95.1233333333333,20.4,6,2007,2,3
"141","B127",2010,"1485","QURU",13,0.015,"1485-B-1",6.02219749748259,"QU",196.913333333333,23.6333333333333,6,2007,3,2
"142","B127",2000,"1482","QUAL",59.2,1.493,"1482-N-1",2662.88425145106,"QU",112.43,21.9,6,1990,10,0
"143","B127",2012,"1485","QURU",13,0.041,"1485-B-1",16.4987995282307,"QU",66.03,23.4666666666667,6,2012,0,1
"144","B127",2012,"1488","QURU",61,1.034,"1488-W-1",1894.74371415457,"QU",66.03,23.4666666666667,6,2012,0,1
"145","B127",2005,"1488","QURU",61,0.886,"1488-N-1",1583.08224114994,"QU",55.1233333333333,23.9,6,1995,10,0
"146","B127",2016,"1485","QURU",13,0.075,"1485-E-1",30.5958923134953,"QU",142.603333333333,23.3,6,2015,1,2
"147","B127",2012,"1491","QUMA",67.9,0.454,"1491-E-1",961.417478008404,"QU",66.03,23.4666666666667,6,2012,0,1
"148","B127",2015,"1482","QUAL",59.2,0.355,"1482-E-1",659.042662843603,"QU",138.086666666667,21.2,6,2015,0,3
"149","B127",2003,"1488","QURU",61,2.413,"1488-N-1",4254.70021442564,"QU",93.34,21.6666666666667,6,1993,10,0
"150","B127",2015,"1485","QURU",13,0.285,"1485-W-1",115.884760735018,"QU",138.086666666667,21.2,6,2015,0,3
"151","B127",2013,"1482","QUAL",59.2,0.993,"1482-E-1",1836.67474488186,"QU",75.7033333333333,21.7,6,2013,0,2
"152","B127",2010,"1485","QURU",13,0.032,"1485-W-1",12.831772361733,"QU",196.913333333333,23.6333333333333,6,2007,3,2
"153","B127",2003,"1485","QURU",13,0.677,"1485-W-1",263.060459742215,"QU",93.34,21.6666666666667,6,1993,10,0
"154","B127",2016,"1491","QUMA",67.9,0.45,"1491-N-1",959.249188458121,"QU",142.603333333333,23.3,6,2015,1,2
"155","B127",2008,"1485","QURU",13,0.256,"1485-W-1",102.128200885441,"QU",91.46,21.7666666666667,6,2007,1,3
"156","B127",2012,"1488","QURU",61,0.97,"1488-N-1",1800.09099582017,"QU",66.03,23.4666666666667,6,2012,0,1
"157","B127",2015,"1488","QURU",61,2.298,"1488-N-1",4362.29587666106,"QU",138.086666666667,21.2,6,2015,0,3
"158","B127",2014,"1482","QUAL",59.2,0.414,"1482-E-1",767.5735206632,"QU",166.476666666667,21.7,6,2013,1,2
"159","B127",2011,"1485","QURU",13,0.12,"1485-W-1",48.1764490065083,"QU",129.293333333333,23.1333333333333,6,2007,4,0
"160","B127",2004,"1485","QURU",13,0.792,"1485-B-1",312.207004285812,"QU",104.996666666667,20.8,6,1994,10,0
"161","B127",2016,"1491","QUMA",67.9,0.514,"1491-E-1",1095.43029335466,"QU",142.603333333333,23.3,6,2015,1,2
"162","B127",2007,"1491","QUMA",67.9,0.55,"1491-E-1",1146.71179200895,"QU",121.196666666667,22.5666666666667,6,2007,0,3
"163","B127",2005,"1488","QURU",61,0.774,"1488-W-1",1373.08150004376,"QU",55.1233333333333,23.9,6,1995,10,0
"164","B127",2014,"1488","QURU",61,5.907,"1488-W-1",11006.7021825928,"QU",166.476666666667,21.7,6,2013,1,2
"165","B127",2014,"1485","QURU",13,0.269,"1485-W-1",108.910770619245,"QU",166.476666666667,21.7,6,2013,1,2
"166","B127",2009,"1491","QUMA",67.9,1.613,"1491-E-1",3384.47360814287,"QU",95.1233333333333,20.4,6,2007,2,3
"167","B127",2006,"1485","QURU",13,0.089,"1485-W-1",35.3475323524956,"QU",93.5633333333333,22.7,6,2006,0,1
"168","B127",2016,"1488","QURU",61,2.23,"1488-W-1",4257.60543050648,"QU",142.603333333333,23.3,6,2015,1,2
"169","B127",2010,"1482","QUAL",59.2,0.227,"1482-N-1",414.539901923845,"QU",196.913333333333,23.6333333333333,6,2007,3,2
"170","B127",2003,"1488","QURU",61,1.215,"1488-W-1",2137.55109260767,"QU",93.34,21.6666666666667,6,1993,10,0
"171","B127",2001,"1491","QUMA",67.9,0.51,"1491-N-1",1066.8971173704,"QU",83.6233333333333,22.8333333333333,6,1991,10,0
"172","B127",2004,"1485","QURU",13,0.752,"1485-W-1",295.579031892448,"QU",104.996666666667,20.8,6,1994,10,0
"173","B127",2016,"1482","QUAL",59.2,0.332,"1482-E-1",617.060671142919,"QU",142.603333333333,23.3,6,2015,1,2
"174","B127",2014,"1488","QURU",61,3.445,"1488-N-1",6477.4919488662,"QU",166.476666666667,21.7,6,2013,1,2
"175","B127",2013,"1488","QURU",61,1.446,"1488-W-1",2660.97529723269,"QU",75.7033333333333,21.7,6,2013,0,2
"176","B127",2016,"1485","QURU",13,0.044,"1485-B-1",17.9605103333129,"QU",142.603333333333,23.3,6,2015,1,2
"177","B127",2006,"1485","QURU",13,0.275,"1485-E-1",109.318392266046,"QU",93.5633333333333,22.7,6,2006,0,1
"178","B127",2013,"1482","QUAL",59.2,1.851,"1482-N-1",3410.61307902062,"QU",75.7033333333333,21.7,6,2013,0,2
"179","B127",2010,"1491","QUMA",67.9,0.496,"1491-N-1",1050.1534966684,"QU",196.913333333333,23.6333333333333,6,2007,3,2
"180","B127",2010,"1491","QUMA",67.9,1.033,"1491-E-1",2176.07688942487,"QU",196.913333333333,23.6333333333333,6,2007,3,2
"181","B127",2013,"1491","QUMA",67.9,0.475,"1491-E-1",1007.27463681381,"QU",75.7033333333333,21.7,6,2013,0,2
"182","B127",2015,"1485","QURU",13,0.274,"1485-E-1",111.476575312875,"QU",138.086666666667,21.2,6,2015,0,3
"183","B127",2016,"1488","QURU",61,1.677,"1488-N-1",3204.39299962878,"QU",142.603333333333,23.3,6,2015,1,2
"184","B127",2005,"1482","QUAL",59.2,0.283,"1482-E-1",515.713473332761,"QU",55.1233333333333,23.9,6,1995,10,0
"185","B127",2014,"1491","QUMA",67.9,0.646,"1491-E-1",1372.16854065227,"QU",166.476666666667,21.7,6,2013,1,2
"186","B127",2012,"1482","QUAL",59.2,0.317,"1482-N-1",581.938353284626,"QU",66.03,23.4666666666667,6,2012,0,1
"187","B127",2006,"1485","QURU",13,0.381,"1485-B-1",152.35337356754,"QU",93.5633333333333,22.7,6,2006,0,1
"188","F122",2012,"52","QUMA",50.1,0.279,"052-B-1",434.738269235215,"QU",66.03,23.4666666666667,6,2012,0,1
"189","F122",2009,"52","QUMA",50.1,0.851,"052-A-1",1319.45283269492,"QU",95.1233333333333,20.4,6,2007,2,3
"190","F122",2007,"52","QUMA",50.1,0.627,"052-A-1",966.001089964457,"QU",121.196666666667,22.5666666666667,6,2007,0,3
"191","F122",2014,"52","QUMA",50.1,0.21,"052-B-1",327.824690747233,"QU",166.476666666667,21.7,6,2013,1,2
"192","F122",2012,"52","QUMA",50.1,0.389,"052-A-1",607.34542466697,"QU",66.03,23.4666666666667,6,2012,0,1
"193","F122",2004,"52","QUMA",50.1,0.684,"052-A-1",1047.00536950198,"QU",104.996666666667,20.8,6,1994,10,0
"194","F122",2008,"52","QUMA",50.1,0.55,"052-B-1",846.780171459643,"QU",91.46,21.7666666666667,6,2007,1,3
"195","F122",2015,"52","QUMA",50.1,0.292,"052-A-1",458.336779134046,"QU",138.086666666667,21.2,6,2015,0,3
"196","F122",2005,"52","QUMA",50.1,0.675,"052-B-1",1029.07053540548,"QU",55.1233333333333,23.9,6,1995,10,0
"197","F122",2007,"52","QUMA",50.1,0.818,"052-B-1",1255.8775374296,"QU",121.196666666667,22.5666666666667,6,2007,0,3
"198","F122",2010,"52","QUMA",50.1,0.656,"052-B-1",1016.09863230341,"QU",196.913333333333,23.6333333333333,6,2007,3,2
"199","F122",2006,"52","QUMA",50.1,0.266,"052-A-1",409.072396591593,"QU",93.5633333333333,22.7,6,2006,0,1
"200","F122",2002,"52","QUMA",50.1,0.492,"052-B-1",743.943340368896,"QU",104.563333333333,23.8333333333333,6,1992,10,0
"201","F122",2003,"52","QUMA",50.1,0.56,"052-A-1",855.00881943346,"QU",93.34,21.6666666666667,6,1993,10,0
"202","F122",2000,"52","QUMA",50.1,0.708,"052-A-1",1067.66553836716,"QU",112.43,21.9,6,1990,10,0
"203","F122",2008,"52","QUMA",50.1,0.821,"052-A-1",1268.62612984266,"QU",91.46,21.7666666666667,6,2007,1,3
"204","F122",2004,"52","QUMA",50.1,0.771,"052-B-1",1171.92477893886,"QU",104.996666666667,20.8,6,1994,10,0
"205","F122",2016,"52","QUMA",50.1,0.781,"052-B-1",1221.8921242535,"QU",142.603333333333,23.3,6,2015,1,2
"206","F122",2015,"52","QUMA",50.1,0.054,"052-B-1",84.3425641656092,"QU",138.086666666667,21.2,6,2015,0,3
"207","F122",2000,"52","QUMA",50.1,0.732,"052-B-1",1099.1939087873,"QU",112.43,21.9,6,1990,10,0
"208","F122",2011,"52","QUMA",50.1,1.008,"052-B-1",1566.59171971828,"QU",129.293333333333,23.1333333333333,6,2007,4,0
"209","F122",2005,"52","QUMA",50.1,0.664,"052-A-1",1019.20312903096,"QU",55.1233333333333,23.9,6,1995,10,0
"210","F122",2011,"52","QUMA",50.1,0.689,"052-A-1",1073.40181951724,"QU",129.293333333333,23.1333333333333,6,2007,4,0
"211","F122",2016,"52","QUMA",50.1,0.3,"052-A-1",471.451898020396,"QU",142.603333333333,23.3,6,2015,1,2
"212","F122",2006,"52","QUMA",50.1,0.965,"052-B-1",1476.16161292801,"QU",93.5633333333333,22.7,6,2006,0,1
"213","F122",2003,"52","QUMA",50.1,0.63,"052-B-1",954.831041045667,"QU",93.34,21.6666666666667,6,1993,10,0
"214","F122",2014,"52","QUMA",50.1,0.426,"052-A-1",667.70849799266,"QU",166.476666666667,21.7,6,2013,1,2
"215","F122",2001,"52","QUMA",50.1,1.051,"052-B-1",1584.10133924916,"QU",83.6233333333333,22.8333333333333,6,1991,10,0
"216","F122",2013,"52","QUMA",50.1,0.562,"052-A-1",879.129264110981,"QU",75.7033333333333,21.7,6,2013,0,2
"217","F122",2009,"52","QUMA",50.1,0.882,"052-B-1",1361.89538187857,"QU",95.1233333333333,20.4,6,2007,2,3
"218","F122",2010,"52","QUMA",50.1,0.414,"052-A-1",643.541256150993,"QU",196.913333333333,23.6333333333333,6,2007,3,2
"219","F122",2001,"52","QUMA",50.1,1.234,"052-A-1",1868.40328187795,"QU",83.6233333333333,22.8333333333333,6,1991,10,0
"220","F122",2013,"52","QUMA",50.1,0.212,"052-B-1",330.665771214004,"QU",75.7033333333333,21.7,6,2013,0,2
"221","F122",2002,"52","QUMA",50.1,1.124,"052-A-1",1710.17838787981,"QU",104.563333333333,23.8333333333333,6,1992,10,0
"222","HH115",2003,"1427","QUAL",54.8,0.613,"1427-N-1",1024.32912439203,"QU",93.34,21.6666666666667,1,1993,10,0
"223","HH115",2001,"1440","QUAL",50.8,0.684,"1440-N-1",1023.53993432641,"QU",83.6233333333333,22.8333333333333,1,1991,10,0
"224","HH115",2009,"1440","QUAL",50.8,0.728,"1440-N-1",1117.24288636974,"QU",95.1233333333333,20.4,1,1999,10,0
"225","HH115",2015,"1437","QUAL",41.8,0.01,"1437-S-1",13.1302864956734,"QU",138.086666666667,21.2,1,2012,3,1
"226","HH115",2004,"1436","QUAL",48.1,0.907,"1436-N-1",1331.29958381286,"QU",104.996666666667,20.8,1,1994,10,0
"227","HH115",2003,"1433","QUAL",65.6,1.23,"1433-E-1",2409.13309100691,"QU",93.34,21.6666666666667,1,1993,10,0
"228","HH115",2012,"1436","QUAL",48.1,0.441,"1436-W-1",660.513801568218,"QU",66.03,23.4666666666667,1,2012,0,1
"229","HH115",2000,"1436","QUAL",48.1,0.504,"1436-N-1",733.191930662373,"QU",112.43,21.9,1,1990,10,0
"230","HH115",2002,"1433","QUAL",65.6,1.339,"1433-E-1",2611.81863676072,"QU",104.563333333333,23.8333333333333,1,1992,10,0
"231","HH115",2000,"1437","QUAL",41.8,0.019,"1437-S-1",24.8641570479891,"QU",112.43,21.9,1,1990,10,0
"232","HH115",2009,"1427","QUAL",54.8,1.133,"1427-N-1",1915.52919800909,"QU",95.1233333333333,20.4,1,1999,10,0
"233","HH115",2007,"1437","QUAL",41.8,0.026,"1437-S-1",34.084671796033,"QU",121.196666666667,22.5666666666667,1,1997,10,0
"234","HH115",2010,"1437","QUAL",41.8,0.168,"1437-S-1",220.445254909508,"QU",196.913333333333,23.6333333333333,1,2000,10,0
"235","HH115",2001,"1433","QUAL",65.6,1.181,"1433-N-3",2317.85292579329,"QU",83.6233333333333,22.8333333333333,1,1991,10,0
"236","HH115",2011,"1433","QUAL",65.6,0.796,"1433-N-3",1620.12853003954,"QU",129.293333333333,23.1333333333333,1,2001,10,0
"237","HH115",2009,"1440","QUAL",50.8,1.005,"1440-E-1",1557.42377638172,"QU",95.1233333333333,20.4,1,1999,10,0
"238","HH115",2012,"1433","QUAL",65.6,0.557,"1433-E-1",1136.59293255843,"QU",66.03,23.4666666666667,1,2012,0,1
"239","HH115",2006,"1436","QUAL",48.1,1.364,"1436-N-1",2016.05194137597,"QU",93.5633333333333,22.7,1,1996,10,0
"240","HH115",2004,"1436","QUAL",48.1,0.494,"1436-W-1",724.492207153271,"QU",104.996666666667,20.8,1,1994,10,0
"241","HH115",2016,"1437","QUAL",41.8,0.006,"1437-S-1",7.87847349029575,"QU",142.603333333333,23.3,1,2012,4,0
"242","HH115",2001,"1437","QUAL",41.8,0.03,"1437-N-1",39.2837940093934,"QU",83.6233333333333,22.8333333333333,1,1991,10,0
"243","HH115",2000,"1440","QUAL",50.8,0.985,"1440-N-1",1468.79269319977,"QU",112.43,21.9,1,1990,10,0
"244","HH115",2010,"1440","QUAL",50.8,0.738,"1440-N-1",1135.98854353905,"QU",196.913333333333,23.6333333333333,1,2000,10,0
"245","HH115",2005,"1427","QUAL",54.8,0.19,"1427-N-1",318.451120746749,"QU",55.1233333333333,23.9,1,1995,10,0
"246","HH115",2000,"1411","QUAL",54.7,0.717,"1411-N-1",1192.7982116797,"QU",112.43,21.9,1,1990,10,0
"247","HH115",2001,"1437","QUAL",41.8,0.036,"1437-S-1",47.1172547601564,"QU",83.6233333333333,22.8333333333333,1,1991,10,0
"248","HH115",2003,"1437","QUAL",41.8,0.046,"1437-S-1",60.2195433821089,"QU",93.34,21.6666666666667,1,1993,10,0
"249","HH115",2005,"1440","QUAL",50.8,0.596,"1440-E-1",908.352183045481,"QU",55.1233333333333,23.9,1,1995,10,0
"250","HH115",2013,"1440","QUAL",50.8,1.962,"1440-N-1",3083.18446456719,"QU",75.7033333333333,21.7,1,2012,1,1
"251","HH115",2002,"1411","QUAL",54.7,0.433,"1411-E-1",723.468428080855,"QU",104.563333333333,23.8333333333333,1,1992,10,0
"252","HH115",2007,"1433","QUAL",65.6,0.781,"1433-N-3",1564.92768406315,"QU",121.196666666667,22.5666666666667,1,1997,10,0
"253","HH115",2002,"1436","QUAL",48.1,0.451,"1436-W-1",658.868857371587,"QU",104.563333333333,23.8333333333333,1,1992,10,0
"254","HH115",2004,"1433","QUAL",65.6,1.605,"1433-N-3",3185.20837400131,"QU",104.996666666667,20.8,1,1994,10,0
"255","HH115",2007,"1437","QUAL",41.8,0.037,"1437-N-1",48.5387029137718,"QU",121.196666666667,22.5666666666667,1,1997,10,0
"256","HH115",2009,"1436","QUAL",48.1,0.797,"1436-W-1",1184.96923712325,"QU",95.1233333333333,20.4,1,1999,10,0
"257","HH115",2006,"1437","QUAL",41.8,0.059,"1437-S-1",77.3302309114737,"QU",93.5633333333333,22.7,1,1996,10,0
"258","HH115",2003,"1411","QUAL",54.7,0.495,"1411-E-1",828.502872347926,"QU",93.34,21.6666666666667,1,1993,10,0
"259","HH115",2004,"1437","QUAL",41.8,0.124,"1437-N-1",162.574806018191,"QU",104.996666666667,20.8,1,1994,10,0
"260","HH115",2016,"1427","QUAL",54.8,0.626,"1427-N-1",1076.24996542575,"QU",142.603333333333,23.3,1,2012,4,0
"261","HH115",2001,"1433","QUAL",65.6,1.398,"1433-E-1",2714.88174734555,"QU",83.6233333333333,22.8333333333333,1,1991,10,0
"262","HH115",2008,"1411","QUAL",54.7,0.647,"1411-E-1",1093.64401832934,"QU",91.46,21.7666666666667,1,1998,10,0
"263","HH115",2002,"1440","QUAL",50.8,0.641,"1440-N-1",961.862820758306,"QU",104.563333333333,23.8333333333333,1,1992,10,0
"264","HH115",2004,"1427","QUAL",54.8,0.402,"1427-N-1",673.027880372894,"QU",104.996666666667,20.8,1,1994,10,0
"265","HH115",2016,"1433","QUAL",65.6,0.679,"1433-N-3",1397.85396656854,"QU",142.603333333333,23.3,1,2012,4,0
"266","HH115",2004,"1427","QUAL",54.8,0.894,"1427-E-1",1502.35642924344,"QU",104.996666666667,20.8,1,1994,10,0
"267","HH115",2006,"1427","QUAL",54.8,0.581,"1427-E-1",980.0013839969,"QU",93.5633333333333,22.7,1,1996,10,0
"268","HH115",2010,"1433","QUAL",65.6,1.721,"1433-N-3",3489.20696216995,"QU",196.913333333333,23.6333333333333,1,2000,10,0
"269","HH115",2011,"1440","QUAL",50.8,0.914,"1440-E-1",1428.43741817517,"QU",129.293333333333,23.1333333333333,1,2001,10,0
"270","HH115",2001,"1411","QUAL",54.7,0.175,"1411-E-1",292.060595775341,"QU",83.6233333333333,22.8333333333333,1,1991,10,0
"271","HH115",2002,"1427","QUAL",54.8,0.71,"1427-E-1",1186.41486297393,"QU",104.563333333333,23.8333333333333,1,1992,10,0
"272","HH115",2001,"1436","QUAL",48.1,0.384,"1436-N-1",559.693681323882,"QU",83.6233333333333,22.8333333333333,1,1991,10,0
"273","HH115",2011,"1440","QUAL",50.8,2.634,"1440-N-1",4082.36632414768,"QU",129.293333333333,23.1333333333333,1,2001,10,0
"274","HH115",2013,"1436","QUAL",48.1,1.024,"1436-W-1",1538.42294334914,"QU",75.7033333333333,21.7,1,2012,1,1
"275","HH115",2016,"1440","QUAL",50.8,0.695,"1440-N-1",1107.3912256576,"QU",142.603333333333,23.3,1,2012,4,0
"276","HH115",2015,"1411","QUAL",54.7,0.536,"1411-E-1",919.160091154304,"QU",138.086666666667,21.2,1,2012,3,1
"277","HH115",2010,"1411","QUAL",54.7,0.643,"1411-E-1",1091.0884269534,"QU",196.913333333333,23.6333333333333,1,2000,10,0
"278","HH115",2005,"1440","QUAL",50.8,0.45,"1440-N-1",682.053273942752,"QU",55.1233333333333,23.9,1,1995,10,0
"279","HH115",2000,"1427","QUAL",54.8,0.697,"1427-E-1",1158.81245606998,"QU",112.43,21.9,1,1990,10,0
"280","HH115",2000,"1411","QUAL",54.7,0.503,"1411-E-1",838.394208233585,"QU",112.43,21.9,1,1990,10,0
"281","HH115",2003,"1436","QUAL",48.1,0.431,"1436-W-1",630.844977538838,"QU",93.34,21.6666666666667,1,1993,10,0
"282","HH115",2008,"1436","QUAL",48.1,0.878,"1436-N-1",1306.08028856497,"QU",91.46,21.7666666666667,1,1998,10,0
"283","HH115",2008,"1433","QUAL",65.6,1.354,"1433-N-3",2722.15733663921,"QU",91.46,21.7666666666667,1,1998,10,0
"284","HH115",2001,"1411","QUAL",54.7,0.314,"1411-N-1",523.386131663584,"QU",83.6233333333333,22.8333333333333,1,1991,10,0
"285","HH115",2015,"1433","QUAL",65.6,0.645,"1433-N-3",1325.17547619136,"QU",138.086666666667,21.2,1,2012,3,1
"286","HH115",2005,"1436","QUAL",48.1,0.494,"1436-N-1",727.270191873131,"QU",55.1233333333333,23.9,1,1995,10,0
"287","HH115",2011,"1436","QUAL",48.1,0.714,"1436-W-1",1066.81252056347,"QU",129.293333333333,23.1333333333333,1,2001,10,0
"288","HH115",2014,"1411","QUAL",54.7,0.362,"1411-N-1",619.811638165978,"QU",166.476666666667,21.7,1,2012,2,1
"289","HH115",2005,"1411","QUAL",54.7,0.362,"1411-E-1",608.40722957687,"QU",55.1233333333333,23.9,1,1995,10,0
"290","HH115",2000,"1433","QUAL",65.6,1.883,"1433-N-3",3677.48593998776,"QU",112.43,21.9,1,1990,10,0
"291","HH115",2002,"1440","QUAL",50.8,0.759,"1440-E-1",1143.97991644449,"QU",104.563333333333,23.8333333333333,1,1992,10,0
"292","HH115",2001,"1440","QUAL",50.8,0.451,"1440-E-1",678.041783708196,"QU",83.6233333333333,22.8333333333333,1,1991,10,0
"293","HH115",2007,"1433","QUAL",65.6,0.861,"1433-E-1",1717.06415264906,"QU",121.196666666667,22.5666666666667,1,1997,10,0
"294","HH115",2005,"1437","QUAL",41.8,0.094,"1437-S-1",123.158914320867,"QU",55.1233333333333,23.9,1,1995,10,0
"295","HH115",2006,"1440","QUAL",50.8,0.93,"1440-N-1",1413.60868615998,"QU",93.5633333333333,22.7,1,1996,10,0
"296","HH115",2001,"1427","QUAL",54.8,0.33,"1427-N-1",549.887539147774,"QU",83.6233333333333,22.8333333333333,1,1991,10,0
"297","HH115",2006,"1411","QUAL",54.7,0.748,"1411-E-1",1259.75925161329,"QU",93.5633333333333,22.7,1,1996,10,0
"298","HH115",2004,"1411","QUAL",54.7,0.676,"1411-E-1",1133.93725946539,"QU",104.996666666667,20.8,1,1994,10,0
"299","HH115",2012,"1427","QUAL",54.8,0.484,"1427-N-1",824.474398663358,"QU",66.03,23.4666666666667,1,2012,0,1
"300","HH115",2010,"1436","QUAL",48.1,0.414,"1436-W-1",617.104867068406,"QU",196.913333333333,23.6333333333333,1,2000,10,0
"301","HH115",2009,"1427","QUAL",54.8,0.481,"1427-E-1",816.186164101692,"QU",95.1233333333333,20.4,1,1999,10,0
"302","HH115",2012,"1440","QUAL",50.8,1.136,"1440-N-1",1774.11065289355,"QU",66.03,23.4666666666667,1,2012,0,1
"303","HH115",2013,"1436","QUAL",48.1,0.647,"1436-N-1",973.573654011734,"QU",75.7033333333333,21.7,1,2012,1,1
"304","HH115",2008,"1436","QUAL",48.1,0.77,"1436-W-1",1141.03537390692,"QU",91.46,21.7666666666667,1,1998,10,0
"305","HH115",2006,"1437","QUAL",41.8,0.016,"1437-N-1",20.9870452975795,"QU",93.5633333333333,22.7,1,1996,10,0
"306","HH115",2010,"1436","QUAL",48.1,0.349,"1436-N-1",522.265622953372,"QU",196.913333333333,23.6333333333333,1,2000,10,0
"307","HH115",2006,"1433","QUAL",65.6,1.683,"1433-E-1",3342.90098795615,"QU",93.5633333333333,22.7,1,1996,10,0
"308","HH115",2008,"1440","QUAL",50.8,1.034,"1440-N-1",1581.12952768736,"QU",91.46,21.7666666666667,1,1998,10,0
"309","HH115",2012,"1411","QUAL",54.7,0.258,"1411-E-1",439.627099483875,"QU",66.03,23.4666666666667,1,2012,0,1
"310","HH115",2009,"1436","QUAL",48.1,0.803,"1436-N-1",1198.75372258994,"QU",95.1233333333333,20.4,1,1999,10,0
"311","HH115",2008,"1411","QUAL",54.7,0.913,"1411-N-1",1538.22958146285,"QU",91.46,21.7666666666667,1,1998,10,0
"312","HH115",2011,"1411","QUAL",54.7,0.681,"1411-E-1",1158.40214521984,"QU",129.293333333333,23.1333333333333,1,2001,10,0
"313","HH115",2004,"1433","QUAL",65.6,1.837,"1433-E-1",3615.73045939093,"QU",104.996666666667,20.8,1,1994,10,0
"314","HH115",2009,"1437","QUAL",41.8,0.006,"1437-N-1",7.87327101288311,"QU",95.1233333333333,20.4,1,1999,10,0
"315","HH115",2015,"1440","QUAL",50.8,0.969,"1440-N-1",1538.90868698046,"QU",138.086666666667,21.2,1,2012,3,1
"316","HH115",2015,"1440","QUAL",50.8,0.965,"1440-E-1",1529.91859862882,"QU",138.086666666667,21.2,1,2012,3,1
"317","HH115",2014,"1411","QUAL",54.7,0.524,"1411-E-1",896.83691393477,"QU",166.476666666667,21.7,1,2012,2,1
"318","HH115",2004,"1440","QUAL",50.8,0.834,"1440-E-1",1267.33669769551,"QU",104.996666666667,20.8,1,1994,10,0
"319","HH115",2012,"1437","QUAL",41.8,0.009,"1437-N-1",11.8131015190492,"QU",66.03,23.4666666666667,1,2012,0,1
"320","HH115",2011,"1436","QUAL",48.1,0.562,"1436-N-1",842.620702786265,"QU",129.293333333333,23.1333333333333,1,2001,10,0
"321","HH115",2008,"1437","QUAL",41.8,0.035,"1437-N-1",45.9229060562932,"QU",91.46,21.7666666666667,1,1998,10,0
"322","HH115",2002,"1433","QUAL",65.6,0.952,"1433-N-3",1874.79256505221,"QU",104.563333333333,23.8333333333333,1,1992,10,0
"323","HH115",2009,"1437","QUAL",41.8,0.07,"1437-S-1",91.7998506120025,"QU",95.1233333333333,20.4,1,1999,10,0
"324","HH115",2003,"1440","QUAL",50.8,1.172,"1440-E-1",1773.57158072694,"QU",93.34,21.6666666666667,1,1993,10,0
"325","HH115",2003,"1427","QUAL",54.8,0.707,"1427-E-1",1184.5491496369,"QU",93.34,21.6666666666667,1,1993,10,0
"326","HH115",2000,"1427","QUAL",54.8,0.609,"1427-N-1",1012.99593570844,"QU",112.43,21.9,1,1990,10,0
"327","HH115",2011,"1427","QUAL",54.8,0.585,"1427-N-1",994.559166212105,"QU",129.293333333333,23.1333333333333,1,2001,10,0
"328","HH115",2003,"1433","QUAL",65.6,1.146,"1433-N-3",2264.39398612899,"QU",93.34,21.6666666666667,1,1993,10,0
"329","HH115",2014,"1433","QUAL",65.6,1.076,"1433-N-3",2204.86274056451,"QU",166.476666666667,21.7,1,2012,2,1
"330","HH115",2008,"1427","QUAL",54.8,0.726,"1427-E-1",1229.16216235298,"QU",91.46,21.7666666666667,1,1998,10,0
"331","HH115",2006,"1440","QUAL",50.8,1.393,"1440-E-1",2131.74895425085,"QU",93.5633333333333,22.7,1,1996,10,0
"332","HH115",2003,"1436","QUAL",48.1,0.464,"1436-N-1",679.063244285157,"QU",93.34,21.6666666666667,1,1993,10,0
"333","HH115",2015,"1433","QUAL",65.6,0.599,"1433-E-1",1230.77974641916,"QU",138.086666666667,21.2,1,2012,3,1
"334","HH115",2000,"1437","QUAL",41.8,0.09,"1437-N-1",117.817452827556,"QU",112.43,21.9,1,1990,10,0
"335","HH115",2009,"1411","QUAL",54.7,1.446,"1411-N-1",2446.94850461003,"QU",95.1233333333333,20.4,1,1999,10,0
"336","HH115",2000,"1433","QUAL",65.6,2.622,"1433-E-1",5058.74598902722,"QU",112.43,21.9,1,1990,10,0
"337","HH115",2012,"1427","QUAL",54.8,0.333,"1427-E-1",569.742897948537,"QU",66.03,23.4666666666667,1,2012,0,1
"338","HH115",2015,"1437","QUAL",41.8,0.013,"1437-N-1",17.0661460287297,"QU",138.086666666667,21.2,1,2012,3,1
"339","HH115",2007,"1436","QUAL",48.1,0.273,"1436-W-1",403.654371343723,"QU",121.196666666667,22.5666666666667,1,1997,10,0
"340","HH115",2002,"1437","QUAL",41.8,0.108,"1437-N-1",141.468480730772,"QU",104.563333333333,23.8333333333333,1,1992,10,0
"341","HH115",2014,"1427","QUAL",54.8,0.383,"1427-E-1",657.431628998148,"QU",166.476666666667,21.7,1,2012,2,1
"342","HH115",2000,"1440","QUAL",50.8,1.443,"1440-E-1",2160.84691947913,"QU",112.43,21.9,1,1990,10,0
"343","HH115",2010,"1440","QUAL",50.8,1.136,"1440-E-1",1768.07215995498,"QU",196.913333333333,23.6333333333333,1,2000,10,0
"344","HH115",2002,"1427","QUAL",54.8,0.274,"1427-N-1",457.09321109808,"QU",104.563333333333,23.8333333333333,1,1992,10,0
"345","HH115",2007,"1427","QUAL",54.8,0.351,"1427-E-1",593.076744374203,"QU",121.196666666667,22.5666666666667,1,1997,10,0
"346","HH115",2006,"1411","QUAL",54.7,0.363,"1411-N-1",609.400252457241,"QU",93.5633333333333,22.7,1,1996,10,0
"347","HH115",2014,"1440","QUAL",50.8,1.191,"1440-N-1",1883.39406666699,"QU",166.476666666667,21.7,1,2012,2,1
"348","HH115",2005,"1411","QUAL",54.7,0.271,"1411-N-1",454.411934024745,"QU",55.1233333333333,23.9,1,1995,10,0
"349","HH115",2011,"1437","QUAL",41.8,0.03,"1437-S-1",39.3838851513455,"QU",129.293333333333,23.1333333333333,1,2001,10,0
"350","HH115",2014,"1436","QUAL",48.1,0.321,"1436-N-1",484.001131246811,"QU",166.476666666667,21.7,1,2012,2,1
"351","HH115",2003,"1440","QUAL",50.8,0.929,"1440-N-1",1398.60794252223,"QU",93.34,21.6666666666667,1,1993,10,0
"352","HH115",2000,"1436","QUAL",48.1,0.458,"1436-W-1",666.935490270723,"QU",112.43,21.9,1,1990,10,0
"353","HH115",2014,"1433","QUAL",65.6,0.869,"1433-E-1",1781.54755354531,"QU",166.476666666667,21.7,1,2012,2,1
"354","HH115",2010,"1411","QUAL",54.7,0.998,"1411-N-1",1696.49714143086,"QU",196.913333333333,23.6333333333333,1,2000,10,0
"355","HH115",2015,"1436","QUAL",48.1,0.298,"1436-W-1",449.408988564693,"QU",138.086666666667,21.2,1,2012,3,1
"356","HH115",2008,"1427","QUAL",54.8,1.001,"1427-N-1",1685.64988487405,"QU",91.46,21.7666666666667,1,1998,10,0
"357","HH115",2011,"1437","QUAL",41.8,0.035,"1437-N-1",45.9350011879668,"QU",129.293333333333,23.1333333333333,1,2001,10,0
"358","HH115",2001,"1427","QUAL",54.8,0.639,"1427-E-1",1065.06528925168,"QU",83.6233333333333,22.8333333333333,1,1991,10,0
"359","HH115",2012,"1433","QUAL",65.6,0.457,"1433-N-3",931.948110555099,"QU",66.03,23.4666666666667,1,2012,0,1
"360","HH115",2015,"1427","QUAL",54.8,0.349,"1427-E-1",599.872128664389,"QU",138.086666666667,21.2,1,2012,3,1
"361","HH115",2010,"1433","QUAL",65.6,2.042,"1433-E-1",4128.44549616423,"QU",196.913333333333,23.6333333333333,1,2000,10,0
"362","HH115",2016,"1440","QUAL",50.8,1.172,"1440-E-1",1865.96634845657,"QU",142.603333333333,23.3,1,2012,4,0
"363","HH115",2013,"1437","QUAL",41.8,0.013,"1437-N-1",17.0642673563269,"QU",75.7033333333333,21.7,1,2012,1,1
"364","HH115",2014,"1436","QUAL",48.1,0.249,"1436-W-1",375.084985362533,"QU",166.476666666667,21.7,1,2012,2,1
"365","HH115",2007,"1411","QUAL",54.7,0.32,"1411-N-1",537.898970254204,"QU",121.196666666667,22.5666666666667,1,1997,10,0
"366","HH115",2009,"1433","QUAL",65.6,1.164,"1433-N-3",2349.37856616929,"QU",95.1233333333333,20.4,1,1999,10,0
"367","HH115",2016,"1427","QUAL",54.8,0.207,"1427-E-1",356.159654226207,"QU",142.603333333333,23.3,1,2012,4,0
"368","HH115",2015,"1411","QUAL",54.7,0.485,"1411-N-1",831.701170748818,"QU",138.086666666667,21.2,1,2012,3,1
"369","HH115",2013,"1440","QUAL",50.8,1.35,"1440-E-1",2122.9755321197,"QU",75.7033333333333,21.7,1,2012,1,1
"370","HH115",2007,"1427","QUAL",54.8,0.153,"1427-N-1",257.09209971808,"QU",121.196666666667,22.5666666666667,1,1997,10,0
"371","HH115",2003,"1411","QUAL",54.7,0.489,"1411-N-1",817.636989288213,"QU",93.34,21.6666666666667,1,1993,10,0
"372","HH115",2013,"1433","QUAL",65.6,0.807,"1433-E-1",1650.19148885849,"QU",75.7033333333333,21.7,1,2012,1,1
"373","HH115",2006,"1427","QUAL",54.8,0.51,"1427-N-1",855.911399002825,"QU",93.5633333333333,22.7,1,1996,10,0
"374","HH115",2002,"1411","QUAL",54.7,0.43,"1411-N-1",717.744028434255,"QU",104.563333333333,23.8333333333333,1,1992,10,0
"375","HH115",2012,"1440","QUAL",50.8,0.417,"1440-E-1",653.448705265502,"QU",66.03,23.4666666666667,1,2012,0,1
"376","HH115",2016,"1433","QUAL",65.6,0.672,"1433-E-1",1383.45787898562,"QU",142.603333333333,23.3,1,2012,4,0
"377","HH115",2013,"1427","QUAL",54.8,0.532,"1427-E-1",911.665583118031,"QU",75.7033333333333,21.7,1,2012,1,1
"378","HH115",2011,"1411","QUAL",54.7,0.667,"1411-N-1",1137.32016727559,"QU",129.293333333333,23.1333333333333,1,2001,10,0
"379","HH115",2013,"1411","QUAL",54.7,0.809,"1411-E-1",1381.232465856,"QU",75.7033333333333,21.7,1,2012,1,1
"380","HH115",2005,"1436","QUAL",48.1,0.461,"1436-W-1",677.478056322436,"QU",55.1233333333333,23.9,1,1995,10,0
"381","HH115",2014,"1427","QUAL",54.8,0.551,"1427-N-1",942.630801064015,"QU",166.476666666667,21.7,1,2012,2,1
"382","HH115",2007,"1436","QUAL",48.1,0.394,"1436-N-1",584.525344879072,"QU",121.196666666667,22.5666666666667,1,1997,10,0
"383","HH115",2016,"1437","QUAL",41.8,0.024,"1437-N-1",31.5095208642374,"QU",142.603333333333,23.3,1,2012,4,0
"384","HH115",2001,"1436","QUAL",48.1,0.296,"1436-W-1",431.733697145196,"QU",83.6233333333333,22.8333333333333,1,1991,10,0
"385","HH115",2002,"1436","QUAL",48.1,0.525,"1436-N-1",766.705451489138,"QU",104.563333333333,23.8333333333333,1,1992,10,0
"386","HH115",2013,"1411","QUAL",54.7,0.448,"1411-N-1",765.91968575939,"QU",75.7033333333333,21.7,1,2012,1,1
"387","HH115",2014,"1437","QUAL",41.8,0.01,"1437-N-1",13.1270820711791,"QU",166.476666666667,21.7,1,2012,2,1
"388","HH115",2009,"1411","QUAL",54.7,0.396,"1411-E-1",670.668556856411,"QU",95.1233333333333,20.4,1,1999,10,0
"389","HH115",2013,"1433","QUAL",65.6,0.802,"1433-N-3",1638.66968209352,"QU",75.7033333333333,21.7,1,2012,1,1
"390","HH115",2005,"1437","QUAL",41.8,0.026,"1437-N-1",34.1005179893248,"QU",55.1233333333333,23.9,1,1995,10,0
"391","HH115",2014,"1440","QUAL",50.8,0.885,"1440-E-1",1397.94239611857,"QU",166.476666666667,21.7,1,2012,2,1
"392","HH115",2016,"1411","QUAL",54.7,0.309,"1411-N-1",530.658739585878,"QU",142.603333333333,23.3,1,2012,4,0
"393","HH115",2007,"1411","QUAL",54.7,0.283,"1411-E-1",477.536776574503,"QU",121.196666666667,22.5666666666667,1,1997,10,0
"394","HH115",2008,"1440","QUAL",50.8,1.257,"1440-E-1",1939.00937982063,"QU",91.46,21.7666666666667,1,1998,10,0
"395","HH115",2007,"1440","QUAL",50.8,0.471,"1440-N-1",717.997445005661,"QU",121.196666666667,22.5666666666667,1,1997,10,0
"396","HH115",2004,"1437","QUAL",41.8,0.102,"1437-S-1",133.577717329992,"QU",104.996666666667,20.8,1,1994,10,0
"397","HH115",2016,"1436","QUAL",48.1,0.31,"1436-W-1",468.098122198971,"QU",142.603333333333,23.3,1,2012,4,0
"398","HH115",2004,"1440","QUAL",50.8,0.93,"1440-N-1",1405.54484613675,"QU",104.996666666667,20.8,1,1994,10,0
"399","HH115",2005,"1433","QUAL",65.6,0.813,"1433-N-3",1619.61784844573,"QU",55.1233333333333,23.9,1,1995,10,0
"400","HH115",2016,"1411","QUAL",54.7,0.299,"1411-E-1",513.524769713361,"QU",142.603333333333,23.3,1,2012,4,0
"401","HH115",2008,"1437","QUAL",41.8,0.028,"1437-S-1",36.7113197145533,"QU",91.46,21.7666666666667,1,1998,10,0
"402","HH115",2012,"1436","QUAL",48.1,0.259,"1436-N-1",388.993224447009,"QU",66.03,23.4666666666667,1,2012,0,1
"403","HH115",2015,"1427","QUAL",54.8,0.762,"1427-N-1",1306.74512496868,"QU",138.086666666667,21.2,1,2012,3,1
"404","HH115",2005,"1427","QUAL",54.8,0.259,"1427-E-1",436.184601944298,"QU",55.1233333333333,23.9,1,1995,10,0
"405","HH115",2007,"1440","QUAL",50.8,0.623,"1440-E-1",957.341000788274,"QU",121.196666666667,22.5666666666667,1,1997,10,0
"406","HH115",2016,"1436","QUAL",48.1,0.176,"1436-N-1",265.82196680861,"QU",142.603333333333,23.3,1,2012,4,0
"407","HH115",2003,"1437","QUAL",41.8,0.074,"1437-N-1",96.9744181372359,"QU",93.34,21.6666666666667,1,1993,10,0
"408","HH115",2011,"1427","QUAL",54.8,0.867,"1427-E-1",1480.11614922931,"QU",129.293333333333,23.1333333333333,1,2001,10,0
"409","HH115",2004,"1411","QUAL",54.7,0.374,"1411-N-1",626.364158494557,"QU",104.996666666667,20.8,1,1994,10,0
"410","HH115",2009,"1433","QUAL",65.6,1.438,"1433-E-1",2891.57774844777,"QU",95.1233333333333,20.4,1,1999,10,0
"411","HH115",2010,"1437","QUAL",41.8,0.014,"1437-N-1",18.3718453426099,"QU",196.913333333333,23.6333333333333,1,2000,10,0
"412","HH115",2015,"1436","QUAL",48.1,0.159,"1436-N-1",239.978644445519,"QU",138.086666666667,21.2,1,2012,3,1
"413","HH115",2006,"1436","QUAL",48.1,1.066,"1436-W-1",1571.6899842411,"QU",93.5633333333333,22.7,1,1996,10,0
"414","HH115",2013,"1427","QUAL",54.8,0.645,"1427-N-1",1101.01910186237,"QU",75.7033333333333,21.7,1,2012,1,1
"415","HH115",2014,"1437","QUAL",41.8,0.002,"1437-S-1",2.62598190092662,"QU",166.476666666667,21.7,1,2012,2,1
"416","HH115",2010,"1427","QUAL",54.8,0.642,"1427-N-1",1088.99019177762,"QU",196.913333333333,23.6333333333333,1,2000,10,0
"417","HH115",2012,"1411","QUAL",54.7,0.161,"1411-N-1",274.944357051683,"QU",66.03,23.4666666666667,1,2012,0,1
"418","HH115",2013,"1437","QUAL",41.8,0.006,"1437-S-1",7.87779490628143,"QU",75.7033333333333,21.7,1,2012,1,1
"419","HH115",2005,"1433","QUAL",65.6,1.104,"1433-E-1",2183.18150382152,"QU",55.1233333333333,23.9,1,1995,10,0
"420","HH115",2012,"1437","QUAL",41.8,0.009,"1437-S-1",11.8162682444189,"QU",66.03,23.4666666666667,1,2012,0,1
"421","HH115",2010,"1427","QUAL",54.8,0.968,"1427-E-1",1646.95994298247,"QU",196.913333333333,23.6333333333333,1,2000,10,0
"422","HH115",2006,"1433","QUAL",65.6,1.049,"1433-N-3",2095.90149711783,"QU",93.5633333333333,22.7,1,1996,10,0
"423","HH115",2011,"1433","QUAL",65.6,1.692,"1433-E-1",3440.67586819356,"QU",129.293333333333,23.1333333333333,1,2001,10,0
"424","HH115",2002,"1437","QUAL",41.8,0.008,"1437-S-1",10.4716068984479,"QU",104.563333333333,23.8333333333333,1,1992,10,0
"425","HH115",2008,"1433","QUAL",65.6,1.487,"1433-E-1",2976.44428314418,"QU",91.46,21.7666666666667,1,1998,10,0
"426","M134",2000,"41","QURU",68.8,0.536,"041-A-1",1108.41963543754,"QU",112.43,21.9,0,1990,10,0
"427","M134",2005,"41","QURU",68.8,0.958,"041-B-1",1998.38070889427,"QU",55.1233333333333,23.9,0,1995,10,0
"428","M134",2000,"41","QURU",68.8,0.412,"041-B-1",850.41510725724,"QU",112.43,21.9,0,1990,10,0
"429","M134",2002,"41","QURU",68.8,0.386,"041-B-1",798.865429687443,"QU",104.563333333333,23.8333333333333,0,1992,10,0
"430","M134",2001,"41","QURU",68.8,0.474,"041-B-1",979.709552030458,"QU",83.6233333333333,22.8333333333333,0,1991,10,0
"431","M134",2004,"41","QURU",68.8,1.316,"041-A-1",2748.45691564503,"QU",104.996666666667,20.8,0,1994,10,0
"432","M134",2001,"41","QURU",68.8,0.524,"041-A-1",1085.34923668856,"QU",83.6233333333333,22.8333333333333,0,1991,10,0
"433","M134",2006,"41","QURU",68.8,0.819,"041-A-1",1719.76167489796,"QU",93.5633333333333,22.7,0,1996,10,0
"434","M134",2007,"41","QURU",68.8,0.604,"041-B-1",1265.4156514869,"QU",121.196666666667,22.5666666666667,0,1997,10,0
"435","M134",2002,"41","QURU",68.8,0.63,"041-A-1",1307.18861732036,"QU",104.563333333333,23.8333333333333,0,1992,10,0
"436","M134",2007,"41","QURU",68.8,0.576,"041-A-1",1212.02704894081,"QU",121.196666666667,22.5666666666667,0,1997,10,0
"437","M134",2008,"41","QURU",68.8,1.213,"041-A-1",2559.22856423509,"QU",91.46,21.7666666666667,0,1998,10,0
"438","M134",2003,"41","QURU",68.8,0.957,"041-B-1",1984.64451284822,"QU",93.34,21.6666666666667,0,1993,10,0
"439","M134",2003,"41","QURU",68.8,1.19,"041-A-1",2475.93811630765,"QU",93.34,21.6666666666667,0,1993,10,0
"440","M134",2009,"41","QURU",68.8,0.966,"041-B-1",2034.58227378479,"QU",95.1233333333333,20.4,0,1999,10,0
"441","M134",2010,"41","QURU",68.8,0.985,"041-B-1",2080.63724611299,"QU",196.913333333333,23.6333333333333,0,2000,10,0
"442","M134",2009,"41","QURU",68.8,0.901,"041-A-1",1906.94421174691,"QU",95.1233333333333,20.4,0,1999,10,0
"443","M134",2016,"41","QURU",68.8,1.409,"041-B-1",3035.2316938161,"QU",142.603333333333,23.3,0,2006,10,0
"444","M134",2015,"41","QURU",68.8,1.197,"041-A-1",2569.86000280144,"QU",138.086666666667,21.2,0,2005,10,0
"445","M134",2012,"41","QURU",68.8,1.09,"041-B-1",2316.47426613148,"QU",66.03,23.4666666666667,0,2002,10,0
"446","M134",2004,"41","QURU",68.8,0.98,"041-B-1",2038.30590302618,"QU",104.996666666667,20.8,0,1994,10,0
"447","M134",2010,"41","QURU",68.8,0.705,"041-A-1",1495.67206569606,"QU",196.913333333333,23.6333333333333,0,2000,10,0
"448","M134",2011,"41","QURU",68.8,1.013,"041-B-1",2146.14076612616,"QU",129.293333333333,23.1333333333333,0,2001,10,0
"449","M134",2014,"41","QURU",68.8,1.412,"041-B-1",3024.10575914133,"QU",166.476666666667,21.7,0,2004,10,0
"450","M134",2012,"41","QURU",68.8,0.241,"041-A-1",513.145975320792,"QU",66.03,23.4666666666667,0,2002,10,0
"451","M134",2013,"41","QURU",68.8,1.377,"041-B-1",2937.08049161939,"QU",75.7033333333333,21.7,0,2003,10,0
"452","M134",2013,"41","QURU",68.8,0.908,"041-A-1",1936.62426068675,"QU",75.7033333333333,21.7,0,2003,10,0
"453","M134",2005,"41","QURU",68.8,0.737,"041-A-1",1543.97283380701,"QU",55.1233333333333,23.9,0,1995,10,0
"454","M134",2011,"41","QURU",68.8,0.755,"041-A-1",1605.21107630625,"QU",129.293333333333,23.1333333333333,0,2001,10,0
"455","M134",2015,"41","QURU",68.8,0.572,"041-B-1",1228.62790310621,"QU",138.086666666667,21.2,0,2005,10,0
"456","M134",2006,"41","QURU",68.8,0.662,"041-B-1",1384.29613130383,"QU",93.5633333333333,22.7,0,1996,10,0
"457","M134",2014,"41","QURU",68.8,1.187,"041-A-1",2539.50072582186,"QU",166.476666666667,21.7,0,2004,10,0
"458","M134",2008,"41","QURU",68.8,0.987,"041-B-1",2072.75655465842,"QU",91.46,21.7666666666667,0,1998,10,0
"459","M134",2016,"41","QURU",68.8,1.684,"041-A-1",3630.65048923029,"QU",142.603333333333,23.3,0,2006,10,0
"460","N115",2005,"1470","QURU",51.4,0.681,"1470-N-1",1050.65216481177,"QU",55.1233333333333,23.9,0,1995,10,0
"461","N115",2005,"1444","QURU",43.8,0.372,"1444-S-1",491.599735955563,"QU",55.1233333333333,23.9,0,1995,10,0
"462","N115",2005,"1470","QURU",51.4,0.546,"1470-E-1",831.173844997183,"QU",55.1233333333333,23.9,0,1995,10,0
"463","N115",2013,"1470","QURU",51.4,1.044,"1470-E-1",1647.09417695331,"QU",75.7033333333333,21.7,0,2003,10,0
"464","N115",2000,"1442","QURU",44.9,0.424,"1442-E-1",568.901613993363,"QU",112.43,21.9,0,1990,10,0
"465","N115",2000,"1470","QURU",51.4,0.987,"1470-E-1",1476.83544056992,"QU",112.43,21.9,0,1990,10,0
"466","N115",2000,"1446","QURU",71.8,1.129,"1446-W-1",2424.23849994547,"QU",112.43,21.9,0,1990,10,0
"467","N115",2010,"1444","QURU",43.8,0.277,"1444-N-1",377.831755217826,"QU",196.913333333333,23.6333333333333,0,2000,10,0
"468","N115",2000,"1444","QURU",43.8,0.247,"1444-N-1",333.858669217216,"QU",112.43,21.9,0,1990,10,0
"469","N115",2000,"1444","QURU",43.8,1.222,"1444-S-1",1589.70236855236,"QU",112.43,21.9,0,1990,10,0
"470","N115",2000,"1446","QURU",71.8,3.335,"1446-S-1",6146.46660352332,"QU",112.43,21.9,0,1990,10,0
"471","N115",2000,"1442","QURU",44.9,0.639,"1442-W-1",848.514654188405,"QU",112.43,21.9,0,1990,10,0
"472","N115",2003,"1442","QURU",44.9,0.749,"1442-W-1",1002.33700192328,"QU",93.34,21.6666666666667,0,1993,10,0
"473","N115",2000,"1470","QURU",51.4,0.754,"1470-N-1",1138.45963235573,"QU",112.43,21.9,0,1990,10,0
"474","N115",2011,"1446","QURU",71.8,5.452,"1446-S-1",11235.0531705921,"QU",129.293333333333,23.1333333333333,0,2001,10,0
"475","N115",2003,"1442","QURU",44.9,0.612,"1442-E-1",825.957079599451,"QU",93.34,21.6666666666667,0,1993,10,0
"476","N115",2003,"1446","QURU",71.8,1.397,"1446-W-1",3024.38253659562,"QU",93.34,21.6666666666667,0,1993,10,0
"477","N115",2001,"1446","QURU",71.8,1.054,"1446-W-1",2270.42363234267,"QU",83.6233333333333,22.8333333333333,0,1991,10,0
"478","N115",2008,"1444","QURU",43.8,0.916,"1444-S-1",1219.11986037386,"QU",91.46,21.7666666666667,0,1998,10,0
"479","N115",2008,"1446","QURU",71.8,2.816,"1446-S-1",5583.38041368233,"QU",91.46,21.7666666666667,0,1998,10,0
"480","N115",2003,"1444","QURU",43.8,0.646,"1444-S-1",847.21395000682,"QU",93.34,21.6666666666667,0,1993,10,0
"481","N115",2001,"1470","QURU",51.4,0.406,"1470-N-1",614.496289590797,"QU",83.6233333333333,22.8333333333333,0,1991,10,0
"482","N115",2001,"1444","QURU",43.8,0.131,"1444-N-1",177.222308977963,"QU",83.6233333333333,22.8333333333333,0,1991,10,0
"483","N115",2001,"1470","QURU",51.4,0.425,"1470-E-1",637.807318629068,"QU",83.6233333333333,22.8333333333333,0,1991,10,0
"484","N115",2001,"1442","QURU",44.9,0.449,"1442-E-1",603.676773297075,"QU",83.6233333333333,22.8333333333333,0,1991,10,0
"485","N115",2006,"1446","QURU",71.8,1.146,"1446-W-1",2505.39573734614,"QU",93.5633333333333,22.7,0,1996,10,0
"486","N115",2011,"1442","QURU",44.9,0.677,"1442-E-1",940.226596754821,"QU",129.293333333333,23.1333333333333,0,2001,10,0
"487","N115",2006,"1442","QURU",44.9,0.679,"1442-E-1",924.586680383745,"QU",93.5633333333333,22.7,0,1996,10,0
"488","N115",2006,"1444","QURU",43.8,0.17,"1444-N-1",231.063574184829,"QU",93.5633333333333,22.7,0,1996,10,0
"489","N115",2001,"1446","QURU",71.8,2.283,"1446-S-1",4247.90490553375,"QU",83.6233333333333,22.8333333333333,0,1991,10,0
"490","N115",2001,"1444","QURU",43.8,0.433,"1444-S-1",565.541922552981,"QU",83.6233333333333,22.8333333333333,0,1991,10,0
"491","N115",2001,"1442","QURU",44.9,0.395,"1442-W-1",525.795309113872,"QU",83.6233333333333,22.8333333333333,0,1991,10,0
"492","N115",2007,"1470","QURU",51.4,0.51,"1470-N-1",791.758820379451,"QU",121.196666666667,22.5666666666667,0,1997,10,0
"493","N115",2002,"1470","QURU",51.4,0.823,"1470-E-1",1238.32185586723,"QU",104.563333333333,23.8333333333333,0,1992,10,0
"494","N115",2002,"1444","QURU",43.8,0.316,"1444-S-1",413.471619049895,"QU",104.563333333333,23.8333333333333,0,1992,10,0
"495","N115",2002,"1444","QURU",43.8,0.149,"1444-N-1",201.704533182241,"QU",104.563333333333,23.8333333333333,0,1992,10,0
"496","N115",2004,"1470","QURU",51.4,1.331,"1470-N-1",2045.06418824875,"QU",104.996666666667,20.8,0,1994,10,0
"497","N115",2002,"1442","QURU",44.9,0.283,"1442-E-1",381.14195086595,"QU",104.563333333333,23.8333333333333,0,1992,10,0
"498","N115",2004,"1442","QURU",44.9,0.757,"1442-E-1",1024.90526106888,"QU",104.996666666667,20.8,0,1994,10,0
"499","N115",2005,"1446","QURU",71.8,2.683,"1446-S-1",5167.24019074386,"QU",55.1233333333333,23.9,0,1995,10,0
"500","N115",2010,"1442","QURU",44.9,0.776,"1442-E-1",1074.17687869919,"QU",196.913333333333,23.6333333333333,0,2000,10,0
"501","N115",2002,"1442","QURU",44.9,0.559,"1442-W-1",745.77556432831,"QU",104.563333333333,23.8333333333333,0,1992,10,0
"502","N115",2010,"1444","QURU",43.8,1.022,"1444-S-1",1369.73927271693,"QU",196.913333333333,23.6333333333333,0,2000,10,0
"503","N115",2002,"1446","QURU",71.8,2.403,"1446-S-1",4506.56083038439,"QU",104.563333333333,23.8333333333333,0,1992,10,0
"504","N115",2005,"1442","QURU",44.9,1.19,"1442-W-1",1616.97396889148,"QU",55.1233333333333,23.9,0,1995,10,0
"505","N115",2002,"1470","QURU",51.4,1.172,"1470-N-1",1779.67624817318,"QU",104.563333333333,23.8333333333333,0,1992,10,0
"506","N115",2006,"1444","QURU",43.8,0.6,"1444-S-1",794.734976763945,"QU",93.5633333333333,22.7,0,1996,10,0
"507","N115",2007,"1444","QURU",43.8,0.048,"1444-N-1",65.2743533953726,"QU",121.196666666667,22.5666666666667,0,1997,10,0
"508","N115",2007,"1442","QURU",44.9,0.454,"1442-E-1",619.822684005762,"QU",121.196666666667,22.5666666666667,0,1997,10,0
"509","N115",2002,"1446","QURU",71.8,0.495,"1446-W-1",1068.68938027138,"QU",104.563333333333,23.8333333333333,0,1992,10,0
"510","N115",2010,"1446","QURU",71.8,5.176,"1446-S-1",10493.4733886066,"QU",196.913333333333,23.6333333333333,0,2000,10,0
"511","N115",2008,"1446","QURU",71.8,1.138,"1446-W-1",2501.53446864741,"QU",91.46,21.7666666666667,0,1998,10,0
"512","N115",2003,"1470","QURU",51.4,1.612,"1470-N-1",2461.91295342778,"QU",93.34,21.6666666666667,0,1993,10,0
"513","N115",2003,"1446","QURU",71.8,2.511,"1446-S-1",4747.86717157566,"QU",93.34,21.6666666666667,0,1993,10,0
"514","N115",2005,"1446","QURU",71.8,0.609,"1446-W-1",1328.04368116893,"QU",55.1233333333333,23.9,0,1995,10,0
"515","N115",2003,"1444","QURU",43.8,0.304,"1444-N-1",411.964031567294,"QU",93.34,21.6666666666667,0,1993,10,0
"516","N115",2005,"1442","QURU",44.9,0.521,"1442-E-1",707.475729704386,"QU",55.1233333333333,23.9,0,1995,10,0
"517","N115",2003,"1470","QURU",51.4,1.034,"1470-E-1",1561.83399127273,"QU",93.34,21.6666666666667,0,1993,10,0
"518","N115",2013,"1444","QURU",43.8,0.464,"1444-N-1",634.924118829618,"QU",75.7033333333333,21.7,0,2003,10,0
"519","N115",2006,"1470","QURU",51.4,0.667,"1470-E-1",1017.91348325548,"QU",93.5633333333333,22.7,0,1996,10,0
"520","N115",2013,"1444","QURU",43.8,0.729,"1444-S-1",984.371358227547,"QU",75.7033333333333,21.7,0,2003,10,0
"521","N115",2016,"1442","QURU",44.9,0.579,"1442-E-1",815.538826369066,"QU",142.603333333333,23.3,0,2006,10,0
"522","N115",2006,"1470","QURU",51.4,0.942,"1470-N-1",1458.12809512306,"QU",93.5633333333333,22.7,0,1996,10,0
"523","N115",2006,"1442","QURU",44.9,1.102,"1442-W-1",1505.33440775176,"QU",93.5633333333333,22.7,0,1996,10,0
"524","N115",2012,"1442","QURU",44.9,0.257,"1442-W-1",357.874505142505,"QU",66.03,23.4666666666667,0,2002,10,0
"525","N115",2004,"1442","QURU",44.9,2.304,"1442-W-1",3105.38863825693,"QU",104.996666666667,20.8,0,1994,10,0
"526","N115",2013,"1446","QURU",71.8,5.345,"1446-S-1",11285.861297207,"QU",75.7033333333333,21.7,0,2003,10,0
"527","N115",2004,"1470","QURU",51.4,1.091,"1470-E-1",1655.21461276822,"QU",104.996666666667,20.8,0,1994,10,0
"528","N115",2004,"1444","QURU",43.8,1.087,"1444-S-1",1431.49321707499,"QU",104.996666666667,20.8,0,1994,10,0
"529","N115",2007,"1446","QURU",71.8,0.764,"1446-W-1",1674.84816256127,"QU",121.196666666667,22.5666666666667,0,1997,10,0
"530","N115",2013,"1470","QURU",51.4,1.15,"1470-N-1",1818.87281900414,"QU",75.7033333333333,21.7,0,2003,10,0
"531","N115",2012,"1442","QURU",44.9,0.456,"1442-E-1",634.921957413849,"QU",66.03,23.4666666666667,0,2002,10,0
"532","N115",2009,"1442","QURU",44.9,0.969,"1442-E-1",1336.02471509304,"QU",95.1233333333333,20.4,0,1999,10,0
"533","N115",2004,"1446","QURU",71.8,2.988,"1446-S-1",5701.4113063147,"QU",104.996666666667,20.8,0,1994,10,0
"534","N115",2014,"1442","QURU",44.9,0.733,"1442-E-1",1027.26195193065,"QU",166.476666666667,21.7,0,2004,10,0
"535","N115",2004,"1444","QURU",43.8,0.264,"1444-N-1",358.229326041603,"QU",104.996666666667,20.8,0,1994,10,0
"536","N115",2004,"1446","QURU",71.8,1.509,"1446-W-1",3280.62908607577,"QU",104.996666666667,20.8,0,1994,10,0
"537","N115",2009,"1446","QURU",71.8,3.102,"1446-S-1",6208.11470134163,"QU",95.1233333333333,20.4,0,1999,10,0
"538","N115",2009,"1444","QURU",43.8,0.517,"1444-S-1",690.411509471965,"QU",95.1233333333333,20.4,0,1999,10,0
"539","N115",2014,"1446","QURU",71.8,1.375,"1446-W-1",3076.21964476036,"QU",166.476666666667,21.7,0,2004,10,0
"540","N115",2016,"1470","QURU",51.4,2.891,"1470-E-1",4641.57749768079,"QU",142.603333333333,23.3,0,2006,10,0
"541","N115",2007,"1442","QURU",44.9,0.489,"1442-W-1",670.41922435542,"QU",121.196666666667,22.5666666666667,0,1997,10,0
"542","N115",2007,"1470","QURU",51.4,0.544,"1470-E-1",832.271932160578,"QU",121.196666666667,22.5666666666667,0,1997,10,0
"543","N115",2010,"1470","QURU",51.4,0.858,"1470-N-1",1343.94261242957,"QU",196.913333333333,23.6333333333333,0,2000,10,0
"544","N115",2016,"1446","QURU",71.8,6.92,"1446-S-1",15458.0563581959,"QU",142.603333333333,23.3,0,2006,10,0
"545","N115",2015,"1444","QURU",43.8,1.297,"1444-S-1",1768.24545963054,"QU",138.086666666667,21.2,0,2005,10,0
"546","N115",2005,"1444","QURU",43.8,0.144,"1444-N-1",195.582389056102,"QU",55.1233333333333,23.9,0,1995,10,0
"547","N115",2008,"1442","QURU",44.9,1.44,"1442-E-1",1974.52566596407,"QU",91.46,21.7666666666667,0,1998,10,0
"548","N115",2011,"1444","QURU",43.8,0.181,"1444-N-1",247.146885518252,"QU",129.293333333333,23.1333333333333,0,2001,10,0
"549","N115",2013,"1446","QURU",71.8,1.332,"1446-W-1",2968.69015074942,"QU",75.7033333333333,21.7,0,2003,10,0
"550","N115",2011,"1470","QURU",51.4,1.363,"1470-E-1",2138.16499751134,"QU",129.293333333333,23.1333333333333,0,2001,10,0
"551","N115",2009,"1446","QURU",71.8,0.912,"1446-W-1",2010.61819245694,"QU",95.1233333333333,20.4,0,1999,10,0
"552","N115",2010,"1442","QURU",44.9,0.711,"1442-W-1",984.680962183566,"QU",196.913333333333,23.6333333333333,0,2000,10,0
"553","N115",2013,"1442","QURU",44.9,0.85,"1442-E-1",1187.00428858768,"QU",75.7033333333333,21.7,0,2003,10,0
"554","N115",2012,"1470","QURU",51.4,0.442,"1470-N-1",696.86918825991,"QU",66.03,23.4666666666667,0,2002,10,0
"555","N115",2011,"1470","QURU",51.4,0.983,"1470-N-1",1545.42379722372,"QU",129.293333333333,23.1333333333333,0,2001,10,0
"556","N115",2012,"1444","QURU",43.8,0.264,"1444-S-1",355.656587853005,"QU",66.03,23.4666666666667,0,2002,10,0
"557","N115",2015,"1470","QURU",51.4,1.266,"1470-E-1",2016.06326367588,"QU",138.086666666667,21.2,0,2005,10,0
"558","N115",2009,"1470","QURU",51.4,0.862,"1470-N-1",1345.55022822225,"QU",95.1233333333333,20.4,0,1999,10,0
"559","N115",2008,"1444","QURU",43.8,0.378,"1444-N-1",514.541417370349,"QU",91.46,21.7666666666667,0,1998,10,0
"560","N115",2006,"1446","QURU",71.8,4.089,"1446-S-1",7962.07497475164,"QU",93.5633333333333,22.7,0,1996,10,0
"561","N115",2016,"1442","QURU",44.9,0.412,"1442-W-1",580.584845213673,"QU",142.603333333333,23.3,0,2006,10,0
"562","N115",2009,"1444","QURU",43.8,0.117,"1444-N-1",159.444765000767,"QU",95.1233333333333,20.4,0,1999,10,0
"563","N115",2007,"1444","QURU",43.8,0.254,"1444-S-1",337.119268542083,"QU",121.196666666667,22.5666666666667,0,1997,10,0
"564","N115",2014,"1442","QURU",44.9,0.778,"1442-W-1",1090.65710827323,"QU",166.476666666667,21.7,0,2004,10,0
"565","N115",2015,"1442","QURU",44.9,0.569,"1442-W-1",800.073526000886,"QU",138.086666666667,21.2,0,2005,10,0
"566","N115",2016,"1444","QURU",43.8,1.311,"1444-S-1",1798.07353099154,"QU",142.603333333333,23.3,0,2006,10,0
"567","N115",2012,"1446","QURU",71.8,0.251,"1446-W-1",558.167077781048,"QU",66.03,23.4666666666667,0,2002,10,0
"568","N115",2014,"1444","QURU",43.8,0.365,"1444-N-1",500.405994013113,"QU",166.476666666667,21.7,0,2004,10,0
"569","N115",2014,"1446","QURU",71.8,5.765,"1446-S-1",12373.8992911008,"QU",166.476666666667,21.7,0,2004,10,0
"570","N115",2013,"1442","QURU",44.9,0.973,"1442-W-1",1358.66991812595,"QU",75.7033333333333,21.7,0,2003,10,0
"571","N115",2010,"1446","QURU",71.8,0.983,"1446-W-1",2172.99869411087,"QU",196.913333333333,23.6333333333333,0,2000,10,0
"572","N115",2008,"1442","QURU",44.9,0.819,"1442-W-1",1126.21481317425,"QU",91.46,21.7666666666667,0,1998,10,0
"573","N115",2012,"1470","QURU",51.4,0.222,"1470-E-1",349.361213166317,"QU",66.03,23.4666666666667,0,2002,10,0
"574","N115",2010,"1470","QURU",51.4,1.294,"1470-E-1",2019.12204394718,"QU",196.913333333333,23.6333333333333,0,2000,10,0
"575","N115",2007,"1446","QURU",71.8,2.204,"1446-S-1",4335.18805383015,"QU",121.196666666667,22.5666666666667,0,1997,10,0
"576","N115",2015,"1470","QURU",51.4,1.243,"1470-N-1",1988.38287615908,"QU",138.086666666667,21.2,0,2005,10,0
"577","N115",2011,"1446","QURU",71.8,1.483,"1446-W-1",3289.77700804234,"QU",129.293333333333,23.1333333333333,0,2001,10,0
"578","N115",2014,"1444","QURU",43.8,1.061,"1444-S-1",1438.63865018504,"QU",166.476666666667,21.7,0,2004,10,0
"579","N115",2009,"1470","QURU",51.4,1.542,"1470-E-1",2392.35589296246,"QU",95.1233333333333,20.4,0,1999,10,0
"580","N115",2015,"1442","QURU",44.9,0.471,"1442-E-1",661.86391986067,"QU",138.086666666667,21.2,0,2005,10,0
"581","N115",2016,"1446","QURU",71.8,1.12,"1446-W-1",2522.19825662731,"QU",142.603333333333,23.3,0,2006,10,0
"582","N115",2015,"1446","QURU",71.8,1.094,"1446-W-1",2456.03792383815,"QU",138.086666666667,21.2,0,2005,10,0
"583","N115",2012,"1446","QURU",71.8,2.68,"1446-S-1",5591.20051638104,"QU",66.03,23.4666666666667,0,2002,10,0
"584","N115",2015,"1446","QURU",71.8,7.574,"1446-S-1",16574.1003499773,"QU",138.086666666667,21.2,0,2005,10,0
"585","N115",2008,"1470","QURU",51.4,2.387,"1470-E-1",3673.8785999401,"QU",91.46,21.7666666666667,0,1998,10,0
"586","N115",2008,"1470","QURU",51.4,0.666,"1470-N-1",1036.40441695083,"QU",91.46,21.7666666666667,0,1998,10,0
"587","N115",2012,"1444","QURU",43.8,0.142,"1444-N-1",194.038333965976,"QU",66.03,23.4666666666667,0,2002,10,0
"588","N115",2009,"1442","QURU",44.9,0.797,"1442-W-1",1100.00862115177,"QU",95.1233333333333,20.4,0,1999,10,0
"589","N115",2011,"1444","QURU",43.8,0.46,"1444-S-1",618.658384635585,"QU",129.293333333333,23.1333333333333,0,2001,10,0
"590","N115",2015,"1444","QURU",43.8,0.342,"1444-N-1",469.633179767755,"QU",138.086666666667,21.2,0,2005,10,0
"591","N115",2016,"1444","QURU",43.8,0.249,"1444-N-1",342.388225218592,"QU",142.603333333333,23.3,0,2006,10,0
"592","N115",2014,"1470","QURU",51.4,1.199,"1470-E-1",1900.08288542691,"QU",166.476666666667,21.7,0,2004,10,0
"593","N115",2016,"1470","QURU",51.4,1.76,"1470-N-1",2832.01357899231,"QU",142.603333333333,23.3,0,2006,10,0
"594","N115",2014,"1470","QURU",51.4,1.674,"1470-N-1",2662.4976627671,"QU",166.476666666667,21.7,0,2004,10,0
"595","N115",2011,"1442","QURU",44.9,0.723,"1442-W-1",1004.55719686749,"QU",129.293333333333,23.1333333333333,0,2001,10,0
"596","O109",2000,"2","QUAL",69.4,0.858,"002-B-1",1799.56069498029,"QU",112.43,21.9,0,1990,10,0
"597","O109",2005,"4","QUAL",67.4,0.243,"004-B-1",498.235298002706,"QU",55.1233333333333,23.9,0,1995,10,0
"598","O109",2002,"4","QUAL",67.4,0.477,"004-A-1",964.350754794905,"QU",104.563333333333,23.8333333333333,0,1992,10,0
"599","O109",2000,"2","QUAL",69.4,1.094,"002-A-1",2279.76607544319,"QU",112.43,21.9,0,1990,10,0
"600","O109",2013,"4","QUAL",67.4,1.085,"004-B-1",2275.99888173666,"QU",75.7033333333333,21.7,0,2003,10,0
"601","O109",2005,"2","QUAL",69.4,0.31,"002-B-1",656.534870799906,"QU",55.1233333333333,23.9,0,1995,10,0
"602","O109",2000,"4","QUAL",67.4,1.065,"004-A-1",2142.91218905517,"QU",112.43,21.9,0,1990,10,0
"603","O109",2003,"4","QUAL",67.4,0.761,"004-B-1",1553.0396775505,"QU",93.34,21.6666666666667,0,1993,10,0
"604","O109",2000,"4","QUAL",67.4,0.813,"004-B-1",1650.5737201534,"QU",112.43,21.9,0,1990,10,0
"605","O109",2008,"2","QUAL",69.4,1.459,"002-A-1",3103.45742271295,"QU",91.46,21.7666666666667,0,1998,10,0
"606","O109",2003,"4","QUAL",67.4,0.893,"004-A-1",1809.22128402717,"QU",93.34,21.6666666666667,0,1993,10,0
"607","O109",2011,"2","QUAL",69.4,1.405,"002-B-1",3021.78614849743,"QU",129.293333333333,23.1333333333333,0,2001,10,0
"608","O109",2001,"2","QUAL",69.4,0.3,"002-B-1",630.308415504807,"QU",83.6233333333333,22.8333333333333,0,1991,10,0
"609","O109",2003,"2","QUAL",69.4,0.946,"002-A-1",1983.39992379466,"QU",93.34,21.6666666666667,0,1993,10,0
"610","O109",2011,"2","QUAL",69.4,1.405,"002-A-1",3023.00439529679,"QU",129.293333333333,23.1333333333333,0,2001,10,0
"611","O109",2001,"2","QUAL",69.4,0.504,"002-A-1",1052.806358036,"QU",83.6233333333333,22.8333333333333,0,1991,10,0
"612","O109",2001,"4","QUAL",67.4,0.327,"004-B-1",665.055017731277,"QU",83.6233333333333,22.8333333333333,0,1991,10,0
"613","O109",2001,"4","QUAL",67.4,0.753,"004-A-1",1519.43015907688,"QU",83.6233333333333,22.8333333333333,0,1991,10,0
"614","O109",2007,"4","QUAL",67.4,0.468,"004-A-1",957.804369996775,"QU",121.196666666667,22.5666666666667,0,1997,10,0
"615","O109",2002,"2","QUAL",69.4,0.428,"002-B-1",900.218876125424,"QU",104.563333333333,23.8333333333333,0,1992,10,0
"616","O109",2002,"2","QUAL",69.4,0.503,"002-A-1",1052.30873918439,"QU",104.563333333333,23.8333333333333,0,1992,10,0
"617","O109",2007,"2","QUAL",69.4,0.386,"002-B-1",819.73279287137,"QU",121.196666666667,22.5666666666667,0,1997,10,0
"618","O109",2004,"2","QUAL",69.4,1.064,"002-B-1",2248.80429754125,"QU",104.996666666667,20.8,0,1994,10,0
"619","O109",2002,"4","QUAL",67.4,0.567,"004-B-1",1154.76125924589,"QU",104.563333333333,23.8333333333333,0,1992,10,0
"620","O109",2010,"2","QUAL",69.4,1.546,"002-A-1",3312.04791858482,"QU",196.913333333333,23.6333333333333,0,2000,10,0
"621","O109",2010,"4","QUAL",67.4,1.509,"004-A-1",3126.5575283621,"QU",196.913333333333,23.6333333333333,0,2000,10,0
"622","O109",2008,"2","QUAL",69.4,1.632,"002-B-1",3476.1597048264,"QU",91.46,21.7666666666667,0,1998,10,0
"623","O109",2008,"4","QUAL",67.4,1.578,"004-B-1",3254.8325168946,"QU",91.46,21.7666666666667,0,1998,10,0
"624","O109",2010,"2","QUAL",69.4,1.24,"002-B-1",2656.61066999269,"QU",196.913333333333,23.6333333333333,0,2000,10,0
"625","O109",2008,"4","QUAL",67.4,1.418,"004-A-1",2910.4670894987,"QU",91.46,21.7666666666667,0,1998,10,0
"626","O109",2005,"2","QUAL",69.4,0.445,"002-A-1",937.422172391176,"QU",55.1233333333333,23.9,0,1995,10,0
"627","O109",2003,"2","QUAL",69.4,0.881,"002-B-1",1856.64360628369,"QU",93.34,21.6666666666667,0,1993,10,0
"628","O109",2009,"2","QUAL",69.4,0.92,"002-A-1",1963.81962085551,"QU",95.1233333333333,20.4,0,1999,10,0
"629","O109",2006,"4","QUAL",67.4,1.05,"004-A-1",2143.91267635961,"QU",93.5633333333333,22.7,0,1996,10,0
"630","O109",2011,"4","QUAL",67.4,1.598,"004-A-1",3326.55815593681,"QU",129.293333333333,23.1333333333333,0,2001,10,0
"631","O109",2004,"2","QUAL",69.4,0.888,"002-A-1",1866.91249563284,"QU",104.996666666667,20.8,0,1994,10,0
"632","O109",2016,"4","QUAL",67.4,0.903,"004-A-1",1908.46512586562,"QU",142.603333333333,23.3,0,2006,10,0
"633","O109",2004,"4","QUAL",67.4,1.02,"004-B-1",2087.31085284722,"QU",104.996666666667,20.8,0,1994,10,0
"634","O109",2006,"2","QUAL",69.4,0.576,"002-B-1",1221.48741486314,"QU",93.5633333333333,22.7,0,1996,10,0
"635","O109",2009,"4","QUAL",67.4,1.628,"004-A-1",3357.07416697385,"QU",95.1233333333333,20.4,0,1999,10,0
"636","O109",2004,"4","QUAL",67.4,0.879,"004-A-1",1785.75053956009,"QU",104.996666666667,20.8,0,1994,10,0
"637","O109",2009,"2","QUAL",69.4,0.542,"002-B-1",1158.16166572707,"QU",95.1233333333333,20.4,0,1999,10,0
"638","O109",2007,"4","QUAL",67.4,0.609,"004-B-1",1251.95835347032,"QU",121.196666666667,22.5666666666667,0,1997,10,0
"639","O109",2006,"2","QUAL",69.4,1.844,"002-A-1",3897.7693557517,"QU",93.5633333333333,22.7,0,1996,10,0
"640","O109",2015,"2","QUAL",69.4,0.769,"002-A-1",1670.39345015191,"QU",138.086666666667,21.2,0,2005,10,0
"641","O109",2016,"2","QUAL",69.4,0.493,"002-A-1",1072.83101726481,"QU",142.603333333333,23.3,0,2006,10,0
"642","O109",2010,"4","QUAL",67.4,1.407,"004-B-1",2923.52965896482,"QU",196.913333333333,23.6333333333333,0,2000,10,0
"643","O109",2009,"4","QUAL",67.4,0.929,"004-B-1",1923.50144804004,"QU",95.1233333333333,20.4,0,1999,10,0
"644","O109",2005,"4","QUAL",67.4,0.667,"004-A-1",1358.29713045839,"QU",55.1233333333333,23.9,0,1995,10,0
"645","O109",2013,"4","QUAL",67.4,1.325,"004-A-1",2774.52543365261,"QU",75.7033333333333,21.7,0,2003,10,0
"646","O109",2014,"4","QUAL",67.4,0.926,"004-B-1",1948.3156349153,"QU",166.476666666667,21.7,0,2004,10,0
"647","O109",2013,"2","QUAL",69.4,1.187,"002-A-1",2565.64150988532,"QU",75.7033333333333,21.7,0,2003,10,0
"648","O109",2012,"2","QUAL",69.4,0.271,"002-A-1",584.511732358022,"QU",66.03,23.4666666666667,0,2002,10,0
"649","O109",2014,"2","QUAL",69.4,0.727,"002-A-1",1575.74582748087,"QU",166.476666666667,21.7,0,2004,10,0
"650","O109",2007,"2","QUAL",69.4,0.474,"002-A-1",1005.37295852388,"QU",121.196666666667,22.5666666666667,0,1997,10,0
"651","O109",2006,"4","QUAL",67.4,0.435,"004-B-1",892.829243876894,"QU",93.5633333333333,22.7,0,1996,10,0
"652","O109",2013,"2","QUAL",69.4,1.571,"002-B-1",3396.69461091048,"QU",75.7033333333333,21.7,0,2003,10,0
"653","O109",2012,"2","QUAL",69.4,0.324,"002-B-1",698.598848644053,"QU",66.03,23.4666666666667,0,2002,10,0
"654","O109",2011,"4","QUAL",67.4,1.392,"004-B-1",2904.60226380197,"QU",129.293333333333,23.1333333333333,0,2001,10,0
"655","O109",2012,"4","QUAL",67.4,0.493,"004-A-1",1029.5171316507,"QU",66.03,23.4666666666667,0,2002,10,0
"656","O109",2015,"4","QUAL",67.4,0.912,"004-B-1",1924.12557254458,"QU",138.086666666667,21.2,0,2005,10,0
"657","O109",2014,"4","QUAL",67.4,1.001,"004-A-1",2103.39009267656,"QU",166.476666666667,21.7,0,2004,10,0
"658","O109",2016,"2","QUAL",69.4,0.486,"002-B-1",1058.07296165955,"QU",142.603333333333,23.3,0,2006,10,0
"659","O109",2015,"2","QUAL",69.4,0.918,"002-B-1",1994.5331501059,"QU",138.086666666667,21.2,0,2005,10,0
"660","O109",2015,"4","QUAL",67.4,0.987,"004-A-1",2080.13634429719,"QU",138.086666666667,21.2,0,2005,10,0
"661","O109",2016,"4","QUAL",67.4,0.527,"004-B-1",1114.24008613808,"QU",142.603333333333,23.3,0,2006,10,0
"662","O109",2014,"2","QUAL",69.4,0.438,"002-B-1",949.774119882134,"QU",166.476666666667,21.7,0,2004,10,0
"663","O109",2012,"4","QUAL",67.4,0.521,"004-B-1",1090.27034994317,"QU",66.03,23.4666666666667,0,2002,10,0
"664","R109",2005,"15","QUMA",62,0.509,"015-B-1",982.771238274848,"QU",55.1233333333333,23.9,0,1995,10,0
"665","R109",2000,"15","QUMA",62,0.349,"015-B-1",667.257845951274,"QU",112.43,21.9,0,1990,10,0
"666","R109",2002,"13","QUMA",77.6,1.072,"013-B-2",2439.07282085393,"QU",104.563333333333,23.8333333333333,0,1992,10,0
"667","R109",2003,"15","QUMA",62,0.524,"015-B-1",1005.67342044527,"QU",93.34,21.6666666666667,0,1993,10,0
"668","R109",2005,"13","QUMA",77.6,0.692,"013-B-2",1588.65482333152,"QU",55.1233333333333,23.9,0,1995,10,0
"669","R109",2003,"13","QUMA",77.6,1.727,"013-A-1",3932.83143042926,"QU",93.34,21.6666666666667,0,1993,10,0
"670","R109",2000,"13","QUMA",77.6,1.787,"013-A-1",4011.74373284359,"QU",112.43,21.9,0,1990,10,0
"671","R109",2003,"13","QUMA",77.6,0.932,"013-B-2",2126.40483182855,"QU",93.34,21.6666666666667,0,1993,10,0
"672","R109",2003,"15","QUMA",62,0.589,"015-A-1",1130.1657806264,"QU",93.34,21.6666666666667,0,1993,10,0
"673","R109",2000,"13","QUMA",77.6,1.765,"013-B-2",3982.3384695883,"QU",112.43,21.9,0,1990,10,0
"674","R109",2000,"15","QUMA",62,0.208,"015-A-1",397.793689407779,"QU",112.43,21.9,0,1990,10,0
"675","R109",2006,"15","QUMA",62,0.325,"015-B-1",628.357722086391,"QU",93.5633333333333,22.7,0,1996,10,0
"676","R109",2001,"13","QUMA",77.6,1.861,"013-A-1",4199.19882798809,"QU",83.6233333333333,22.8333333333333,0,1991,10,0
"677","R109",2001,"15","QUMA",62,0.374,"015-B-1",715.905178855932,"QU",83.6233333333333,22.8333333333333,0,1991,10,0
"678","R109",2006,"13","QUMA",77.6,2.46,"013-B-2",5671.88981041438,"QU",93.5633333333333,22.7,0,1996,10,0
"679","R109",2009,"15","QUMA",62,0.128,"015-B-1",248.004260711073,"QU",95.1233333333333,20.4,0,1999,10,0
"680","R109",2001,"13","QUMA",77.6,1.601,"013-B-2",3629.23808886347,"QU",83.6233333333333,22.8333333333333,0,1991,10,0
"681","R109",2004,"13","QUMA",77.6,1.408,"013-A-1",3220.25210177787,"QU",104.996666666667,20.8,0,1994,10,0
"682","R109",2001,"15","QUMA",62,0.386,"015-A-1",738.933605927062,"QU",83.6233333333333,22.8333333333333,0,1991,10,0
"683","R109",2004,"13","QUMA",77.6,1.447,"013-B-2",3312.2178693227,"QU",104.996666666667,20.8,0,1994,10,0
"684","R109",2004,"15","QUMA",62,0.783,"015-A-1",1505.78547448338,"QU",104.996666666667,20.8,0,1994,10,0
"685","R109",2002,"13","QUMA",77.6,1.523,"013-A-1",3452.71988933906,"QU",104.563333333333,23.8333333333333,0,1992,10,0
"686","R109",2002,"15","QUMA",62,0.353,"015-B-1",676.513524545907,"QU",104.563333333333,23.8333333333333,0,1992,10,0
"687","R109",2007,"13","QUMA",77.6,1.329,"013-B-2",3080.02362965851,"QU",121.196666666667,22.5666666666667,0,1997,10,0
"688","R109",2002,"15","QUMA",62,0.221,"015-A-1",423.489639659294,"QU",104.563333333333,23.8333333333333,0,1992,10,0
"689","R109",2015,"15","QUMA",62,0.174,"015-A-1",338.587033196212,"QU",138.086666666667,21.2,0,2005,10,0
"690","R109",2005,"13","QUMA",77.6,1.208,"013-A-1",2772.75776313902,"QU",55.1233333333333,23.9,0,1995,10,0
"691","R109",2005,"15","QUMA",62,0.668,"015-A-1",1287.67428782697,"QU",55.1233333333333,23.9,0,1995,10,0
"692","R109",2009,"15","QUMA",62,0.272,"015-A-1",527.190210809538,"QU",95.1233333333333,20.4,0,1999,10,0
"693","R109",2006,"15","QUMA",62,0.634,"015-A-1",1224.72726396854,"QU",93.5633333333333,22.7,0,1996,10,0
"694","R109",2008,"15","QUMA",62,0.271,"015-B-1",524.731823451859,"QU",91.46,21.7666666666667,0,1998,10,0
"695","R109",2012,"15","QUMA",62,0.104,"015-B-1",201.922324092941,"QU",66.03,23.4666666666667,0,2002,10,0
"696","R109",2011,"15","QUMA",62,0.26,"015-B-1",504.508489903677,"QU",129.293333333333,23.1333333333333,0,2001,10,0
"697","R109",2008,"13","QUMA",77.6,3.195,"013-B-2",7449.98062558058,"QU",91.46,21.7666666666667,0,1998,10,0
"698","R109",2006,"13","QUMA",77.6,2.488,"013-A-1",5739.6682142165,"QU",93.5633333333333,22.7,0,1996,10,0
"699","R109",2007,"15","QUMA",62,0.159,"015-B-1",307.653696132617,"QU",121.196666666667,22.5666666666667,0,1997,10,0
"700","R109",2011,"13","QUMA",77.6,2.778,"013-B-2",6597.45344757367,"QU",129.293333333333,23.1333333333333,0,2001,10,0
"701","R109",2009,"13","QUMA",77.6,2,"013-A-1",4691.00101759908,"QU",95.1233333333333,20.4,0,1999,10,0
"702","R109",2014,"15","QUMA",62,0.158,"015-B-1",307.179588960562,"QU",166.476666666667,21.7,0,2004,10,0
"703","R109",2011,"13","QUMA",77.6,2.336,"013-A-1",5550.8622656471,"QU",129.293333333333,23.1333333333333,0,2001,10,0
"704","R109",2004,"15","QUMA",62,1.324,"015-B-1",2548.73938640907,"QU",104.996666666667,20.8,0,1994,10,0
"705","R109",2013,"13","QUMA",77.6,2.36,"013-A-1",5656.91408956206,"QU",75.7033333333333,21.7,0,2003,10,0
"706","R109",2010,"15","QUMA",62,0.224,"015-A-1",434.505687706278,"QU",196.913333333333,23.6333333333333,0,2000,10,0
"707","R109",2010,"15","QUMA",62,0.265,"015-B-1",513.773502170021,"QU",196.913333333333,23.6333333333333,0,2000,10,0
"708","R109",2010,"13","QUMA",77.6,2.575,"013-B-2",6072.04648329389,"QU",196.913333333333,23.6333333333333,0,2000,10,0
"709","R109",2007,"15","QUMA",62,0.142,"015-A-1",274.654177563034,"QU",121.196666666667,22.5666666666667,0,1997,10,0
"710","R109",2016,"13","QUMA",77.6,1.05,"013-A-1",2552.86887172216,"QU",142.603333333333,23.3,0,2006,10,0
"711","R109",2008,"13","QUMA",77.6,2.778,"013-A-1",6474.1011619417,"QU",91.46,21.7666666666667,0,1998,10,0
"712","R109",2015,"15","QUMA",62,0.364,"015-B-1",708.276487114209,"QU",138.086666666667,21.2,0,2005,10,0
"713","R109",2009,"13","QUMA",77.6,1.303,"013-B-2",3056.69884986929,"QU",95.1233333333333,20.4,0,1999,10,0
"714","R109",2012,"13","QUMA",77.6,0.869,"013-B-2",2073.73870448639,"QU",66.03,23.4666666666667,0,2002,10,0
"715","R109",2011,"15","QUMA",62,0.305,"015-A-1",592.132928259651,"QU",129.293333333333,23.1333333333333,0,2001,10,0
"716","R109",2014,"13","QUMA",77.6,2.073,"013-A-1",4997.84581645525,"QU",166.476666666667,21.7,0,2004,10,0
"717","R109",2014,"15","QUMA",62,0.211,"015-A-1",410.330218033454,"QU",166.476666666667,21.7,0,2004,10,0
"718","R109",2013,"15","QUMA",62,0.285,"015-B-1",553.693123116638,"QU",75.7033333333333,21.7,0,2003,10,0
"719","R109",2014,"13","QUMA",77.6,2.164,"013-B-2",5212.18870042271,"QU",166.476666666667,21.7,0,2004,10,0
"720","R109",2016,"13","QUMA",77.6,1.34,"013-B-2",3256.00204387478,"QU",142.603333333333,23.3,0,2006,10,0
"721","R109",2010,"13","QUMA",77.6,2.722,"013-A-1",6424.83216754111,"QU",196.913333333333,23.6333333333333,0,2000,10,0
"722","R109",2013,"13","QUMA",77.6,2.023,"013-B-2",4845.96727890938,"QU",75.7033333333333,21.7,0,2003,10,0
"723","R109",2012,"13","QUMA",77.6,0.958,"013-A-1",2286.33759612417,"QU",66.03,23.4666666666667,0,2002,10,0
"724","R109",2007,"13","QUMA",77.6,1.115,"013-A-1",2584.85963117376,"QU",121.196666666667,22.5666666666667,0,1997,10,0
"725","R109",2012,"15","QUMA",62,0.085,"015-A-1",165.124795934363,"QU",66.03,23.4666666666667,0,2002,10,0
"726","R109",2016,"15","QUMA",62,0.094,"015-B-1",183.041817200616,"QU",142.603333333333,23.3,0,2006,10,0
"727","R109",2015,"13","QUMA",77.6,1.682,"013-A-1",4075.01648016995,"QU",138.086666666667,21.2,0,2005,10,0
"728","R109",2008,"15","QUMA",62,0.432,"015-A-1",836.346653230552,"QU",91.46,21.7666666666667,0,1998,10,0
"729","R109",2013,"15","QUMA",62,0.178,"015-A-1",345.93781965171,"QU",75.7033333333333,21.7,0,2003,10,0
"730","R109",2015,"13","QUMA",77.6,1.632,"013-B-2",3950.2812277529,"QU",138.086666666667,21.2,0,2005,10,0
"731","R109",2016,"15","QUMA",62,0.193,"015-A-1",375.781702648588,"QU",142.603333333333,23.3,0,2006,10,0
"732","T132",2000,"35","QUAL",73.9,1.706,"035-B-1",3725.20301589173,"QU",112.43,21.9,0,1990,10,0
"733","T132",2003,"35","QUAL",73.9,1.301,"035-A-1",2804.29749041658,"QU",93.34,21.6666666666667,0,1993,10,0
"734","T132",2000,"35","QUAL",73.9,2.676,"035-A-1",5710.55628146728,"QU",112.43,21.9,0,1990,10,0
"735","T132",2008,"35","QUAL",73.9,2.043,"035-B-1",4606.85079744368,"QU",91.46,21.7666666666667,0,1998,10,0
"736","T132",2001,"35","QUAL",73.9,1.034,"035-B-1",2266.73177088631,"QU",83.6233333333333,22.8333333333333,0,1991,10,0
"737","T132",2003,"35","QUAL",73.9,1.314,"035-B-1",2900.84871403217,"QU",93.34,21.6666666666667,0,1993,10,0
"738","T132",2001,"35","QUAL",73.9,0.427,"035-A-1",915.376127625949,"QU",83.6233333333333,22.8333333333333,0,1991,10,0
"739","T132",2007,"35","QUAL",73.9,0.734,"035-B-1",1648.72540495638,"QU",121.196666666667,22.5666666666667,0,1997,10,0
"740","T132",2009,"35","QUAL",73.9,0.972,"035-B-1",2201.01235434294,"QU",95.1233333333333,20.4,0,1999,10,0
"741","T132",2002,"35","QUAL",73.9,1.285,"035-B-1",2826.33491465157,"QU",104.563333333333,23.8333333333333,0,1992,10,0
"742","T132",2006,"35","QUAL",73.9,2.393,"035-B-1",5351.69595711642,"QU",93.5633333333333,22.7,0,1996,10,0
"743","T132",2002,"35","QUAL",73.9,1.007,"035-A-1",2163.28074900704,"QU",104.563333333333,23.8333333333333,0,1992,10,0
"744","T132",2005,"35","QUAL",73.9,0.765,"035-B-1",1703.25336576882,"QU",55.1233333333333,23.9,0,1995,10,0
"745","T132",2015,"35","QUAL",73.9,1.397,"035-A-1",3211.30173886516,"QU",138.086666666667,21.2,0,2005,10,0
"746","T132",2005,"35","QUAL",73.9,1.031,"035-A-1",2242.97238002771,"QU",55.1233333333333,23.9,0,1995,10,0
"747","T132",2013,"35","QUAL",73.9,1.838,"035-B-1",4220.1086372303,"QU",75.7033333333333,21.7,0,2003,10,0
"748","T132",2008,"35","QUAL",73.9,1.841,"035-A-1",4069.99895771999,"QU",91.46,21.7666666666667,0,1998,10,0
"749","T132",2011,"35","QUAL",73.9,1.74,"035-A-1",3919.59588487182,"QU",129.293333333333,23.1333333333333,0,2001,10,0
"750","T132",2004,"35","QUAL",73.9,2.023,"035-A-1",4381.68953443908,"QU",104.996666666667,20.8,0,1994,10,0
"751","T132",2009,"35","QUAL",73.9,1.534,"035-A-1",3407.56214958942,"QU",95.1233333333333,20.4,0,1999,10,0
"752","T132",2004,"35","QUAL",73.9,1.957,"035-B-1",4340.47643183237,"QU",104.996666666667,20.8,0,1994,10,0
"753","T132",2016,"35","QUAL",73.9,2.348,"035-A-1",5425.00242359094,"QU",142.603333333333,23.3,0,2006,10,0
"754","T132",2007,"35","QUAL",73.9,1.784,"035-A-1",3923.66927390647,"QU",121.196666666667,22.5666666666667,0,1997,10,0
"755","T132",2013,"35","QUAL",73.9,2.957,"035-A-1",6722.41876196231,"QU",75.7033333333333,21.7,0,2003,10,0
"756","T132",2011,"35","QUAL",73.9,1.402,"035-B-1",3200.63619831065,"QU",129.293333333333,23.1333333333333,0,2001,10,0
"757","T132",2010,"35","QUAL",73.9,1.756,"035-B-1",3991.3638851494,"QU",196.913333333333,23.6333333333333,0,2000,10,0
"758","T132",2006,"35","QUAL",73.9,2.386,"035-A-1",5216.4300641334,"QU",93.5633333333333,22.7,0,1996,10,0
"759","T132",2016,"35","QUAL",73.9,1.12,"035-B-1",2591.76065780024,"QU",142.603333333333,23.3,0,2006,10,0
"760","T132",2010,"35","QUAL",73.9,3.342,"035-A-1",7474.97032067096,"QU",196.913333333333,23.6333333333333,0,2000,10,0
"761","T132",2012,"35","QUAL",73.9,0.954,"035-A-1",2157.09394462085,"QU",66.03,23.4666666666667,0,2002,10,0
"762","T132",2015,"35","QUAL",73.9,0.656,"035-B-1",1514.3711110552,"QU",138.086666666667,21.2,0,2005,10,0
"763","T132",2012,"35","QUAL",73.9,0.469,"035-B-1",1073.44032287679,"QU",66.03,23.4666666666667,0,2002,10,0
"764","T132",2014,"35","QUAL",73.9,0.736,"035-B-1",1695.83191546964,"QU",166.476666666667,21.7,0,2004,10,0
"765","T132",2014,"35","QUAL",73.9,1.853,"035-A-1",4240.59530535794,"QU",166.476666666667,21.7,0,2004,10,0
"766","U134",2005,"1498","QUMA",85.4,0.965,"1498-E-1",2513.11482841624,"QU",55.1233333333333,23.9,0,1995,10,0
"767","U134",2005,"1498","QUMA",85.4,0.963,"1498-N-1",2508.87441346657,"QU",55.1233333333333,23.9,0,1995,10,0
"768","U134",2000,"1498","QUMA",85.4,3.014,"1498-E-1",7705.27940996426,"QU",112.43,21.9,0,1990,10,0
"769","U134",2000,"1498","QUMA",85.4,1.972,"1498-N-1",5063.24237466332,"QU",112.43,21.9,0,1990,10,0
"770","U134",2001,"1498","QUMA",85.4,1.032,"1498-N-1",2659.46861452871,"QU",83.6233333333333,22.8333333333333,0,1991,10,0
"771","U134",2001,"1498","QUMA",85.4,1.866,"1498-E-1",4799.02941851438,"QU",83.6233333333333,22.8333333333333,0,1991,10,0
"772","U134",2014,"1498","QUMA",85.4,1.015,"1498-E-1",2707.65719950771,"QU",166.476666666667,21.7,0,2004,10,0
"773","U134",2002,"1498","QUMA",85.4,1.174,"1498-N-1",3033.53948435795,"QU",104.563333333333,23.8333333333333,0,1992,10,0
"774","U134",2002,"1498","QUMA",85.4,1.455,"1498-E-1",3757.18881791015,"QU",104.563333333333,23.8333333333333,0,1992,10,0
"775","U134",2007,"1498","QUMA",85.4,0.91,"1498-E-1",2379.99205454323,"QU",121.196666666667,22.5666666666667,0,1997,10,0
"776","U134",2013,"1498","QUMA",85.4,1.207,"1498-E-1",3211.41896425349,"QU",75.7033333333333,21.7,0,2003,10,0
"777","U134",2008,"1498","QUMA",85.4,1.701,"1498-N-1",4467.3990684002,"QU",91.46,21.7666666666667,0,1998,10,0
"778","U134",2008,"1498","QUMA",85.4,1.372,"1498-E-1",3598.13173800929,"QU",91.46,21.7666666666667,0,1998,10,0
"779","U134",2010,"1498","QUMA",85.4,1.014,"1498-N-1",2676.96605410485,"QU",196.913333333333,23.6333333333333,0,2000,10,0
"780","U134",2013,"1498","QUMA",85.4,0.72,"1498-N-1",1913.33095965584,"QU",75.7033333333333,21.7,0,2003,10,0
"781","U134",2003,"1498","QUMA",85.4,1.084,"1498-N-1",2808.67493849617,"QU",93.34,21.6666666666667,0,1993,10,0
"782","U134",2004,"1498","QUMA",85.4,1.208,"1498-E-1",3137.70436719442,"QU",104.996666666667,20.8,0,1994,10,0
"783","U134",2003,"1498","QUMA",85.4,1.084,"1498-E-1",2807.81675591422,"QU",93.34,21.6666666666667,0,1993,10,0
"784","U134",2011,"1498","QUMA",85.4,1.355,"1498-N-1",3587.29258676144,"QU",129.293333333333,23.1333333333333,0,2001,10,0
"785","U134",2006,"1498","QUMA",85.4,0.831,"1498-E-1",2168.83219455332,"QU",93.5633333333333,22.7,0,1996,10,0
"786","U134",2004,"1498","QUMA",85.4,1.243,"1498-N-1",3229.73541075141,"QU",104.996666666667,20.8,0,1994,10,0
"787","U134",2015,"1498","QUMA",85.4,0.996,"1498-E-1",2663.26446270191,"QU",138.086666666667,21.2,0,2005,10,0
"788","U134",2009,"1498","QUMA",85.4,0.84,"1498-E-1",2208.77512925884,"QU",95.1233333333333,20.4,0,1999,10,0
"789","U134",2007,"1498","QUMA",85.4,1.302,"1498-N-1",3407.20731298244,"QU",121.196666666667,22.5666666666667,0,1997,10,0
"790","U134",2016,"1498","QUMA",85.4,0.736,"1498-N-1",1972.72857443522,"QU",142.603333333333,23.3,0,2006,10,0
"791","U134",2006,"1498","QUMA",85.4,0.719,"1498-N-1",1876.9879948215,"QU",93.5633333333333,22.7,0,1996,10,0
"792","U134",2010,"1498","QUMA",85.4,1.163,"1498-E-1",3065.4200618721,"QU",196.913333333333,23.6333333333333,0,2000,10,0
"793","U134",2012,"1498","QUMA",85.4,0.707,"1498-E-1",1876.83679625038,"QU",66.03,23.4666666666667,0,2002,10,0
"794","U134",2014,"1498","QUMA",85.4,1.564,"1498-N-1",4167.4023509094,"QU",166.476666666667,21.7,0,2004,10,0
"795","U134",2011,"1498","QUMA",85.4,2.067,"1498-E-1",5469.1459001522,"QU",129.293333333333,23.1333333333333,0,2001,10,0
"796","U134",2009,"1498","QUMA",85.4,0.818,"1498-N-1",2154.81696853094,"QU",95.1233333333333,20.4,0,1999,10,0
"797","U134",2012,"1498","QUMA",85.4,0.547,"1498-N-1",1451.4227708694,"QU",66.03,23.4666666666667,0,2002,10,0
"798","U134",2016,"1498","QUMA",85.4,0.829,"1498-E-1",2221.4660860132,"QU",142.603333333333,23.3,0,2006,10,0
"799","U134",2015,"1498","QUMA",85.4,1.358,"1498-N-1",3630.96505061943,"QU",138.086666666667,21.2,0,2005,10,0
